"item_id","product_name","pack_size","price_column_b_usd","image_url","photo_status","review_flag","source_page","source_photo_url","image_path"
"GKR-001","Wellbeingtox","100IU 1V 2.5ml","16.45","https://raw.githubusercontent.com/Vidaluxury20/guru-korea-hd-ezformz/main/images/GKR-001.jpg","HD replacement","","1","https://timeleaf.co.kr/products/wellbeing-tox-100","images/GKR-001.jpg"
"GKR-002","Xeomin","100iu","130","https://raw.githubusercontent.com/Vidaluxury20/guru-korea-hd-ezformz/main/images/GKR-002.jpg","HD replacement","","1","https://www.fillerworld.com/products/xeomin-1x100iu","images/GKR-002.jpg"
"GKR-003","Nabota 100iu","100iu","27","https://raw.githubusercontent.com/Vidaluxury20/guru-korea-hd-ezformz/main/images/GKR-003.jpg","HD replacement","","1","https://timeleaf.co.kr/products/nabota-100","images/GKR-003.jpg"
"GKR-004","Nabota 150iu","150iu","25.75","https://raw.githubusercontent.com/Vidaluxury20/guru-korea-hd-ezformz/main/images/GKR-004.jpg","HD replacement","","1","https://timeleaf.co.kr/products/nabota150","images/GKR-004.jpg"
"GKR-005","Nabota 200iu","200iu","42","https://raw.githubusercontent.com/Vidaluxury20/guru-korea-hd-ezformz/main/images/GKR-005.jpg","HD replacement","","1","https://timeleaf.co.kr/products/nabota-200","images/GKR-005.jpg"
"GKR-006","Wondertox 100iu","100iu","22","https://raw.githubusercontent.com/Vidaluxury20/guru-korea-hd-ezformz/main/images/GKR-006.jpg","HD replacement","","1","https://timeleaf.co.kr/products/wondertox-100","images/GKR-006.jpg"
"GKR-007","Wondertox 200iu","200iu","38","https://raw.githubusercontent.com/Vidaluxury20/guru-korea-hd-ezformz/main/images/GKR-007.jpg","HD replacement","","1","https://timeleaf.co.kr/products/wondertox-200","images/GKR-007.jpg"
"GKR-008","Medytox 100iu","100iu","26","","Photo pending","Photo missing","1","",""
"GKR-009","Medytox 200iu","200iu","40.75","https://raw.githubusercontent.com/Vidaluxury20/guru-korea-hd-ezformz/main/images/GKR-009.jpg","Retained original","","1","","images/GKR-009.jpg"
"GKR-010","Botulax 100iu","100iu","34","https://raw.githubusercontent.com/Vidaluxury20/guru-korea-hd-ezformz/main/images/GKR-010.jpg","HD replacement","","1","https://timeleaf.co.kr/products/botulax-100","images/GKR-010.jpg"
"GKR-011","Botulax 200iu","200iu","42.5","https://raw.githubusercontent.com/Vidaluxury20/guru-korea-hd-ezformz/main/images/GKR-011.jpg","HD replacement","","1","https://timeleaf.co.kr/products/botulax-200","images/GKR-011.jpg"
"GKR-012","Botulax 300iu","300iu","45","https://raw.githubusercontent.com/Vidaluxury20/guru-korea-hd-ezformz/main/images/GKR-012.jpg","HD replacement","","1","https://timeleaf.co.kr/products/botulax300","images/GKR-012.jpg"
"GKR-013","Innotox 50iu","50iu","18","https://raw.githubusercontent.com/Vidaluxury20/guru-korea-hd-ezformz/main/images/GKR-013.jpg","HD replacement","","1","https://timeleaf.co.kr/products/innotox-50","images/GKR-013.jpg"
"GKR-014","Innotox 100iu","100iu","30","https://raw.githubusercontent.com/Vidaluxury20/guru-korea-hd-ezformz/main/images/GKR-014.jpg","HD replacement","","1","https://timeleaf.co.kr/products/innotox-100","images/GKR-014.jpg"
"GKR-015","Liztox 100iu","100iu","22","https://raw.githubusercontent.com/Vidaluxury20/guru-korea-hd-ezformz/main/images/GKR-015.jpg","HD replacement","","1","https://timeleaf.co.kr/products/liztox-100","images/GKR-015.jpg"
"GKR-016","Liztox 200iu","200iu","31","https://raw.githubusercontent.com/Vidaluxury20/guru-korea-hd-ezformz/main/images/GKR-016.jpg","HD replacement","","1","https://timeleaf.co.kr/products/liztox-200","images/GKR-016.jpg"
"GKR-017","Rejurax 100iu","100iu","27.3","","Photo pending","Photo missing","1","",""
"GKR-018","Metox 100iu","100iu","20","https://raw.githubusercontent.com/Vidaluxury20/guru-korea-hd-ezformz/main/images/GKR-018.jpg","HD replacement","","1","https://timeleaf.co.kr/products/metox100","images/GKR-018.jpg"
"GKR-019","Hitox 100iu","100iu","12","https://raw.githubusercontent.com/Vidaluxury20/guru-korea-hd-ezformz/main/images/GKR-019.jpg","HD replacement","","1","https://timeleaf.co.kr/products/hitox100-jeju","images/GKR-019.jpg"
"GKR-020","Hitox 200iu","200iu","18.75","https://raw.githubusercontent.com/Vidaluxury20/guru-korea-hd-ezformz/main/images/GKR-020.jpg","HD replacement","","2","https://timeleaf.co.kr/products/hitox200-jeju","images/GKR-020.jpg"
"GKR-021","Hutox 100iu","100iu","19","https://raw.githubusercontent.com/Vidaluxury20/guru-korea-hd-ezformz/main/images/GKR-021.jpg","HD replacement","","2","https://timeleaf.co.kr/products/hutox100","images/GKR-021.jpg"
"GKR-022","Hutox 200iu","200iu","31","https://raw.githubusercontent.com/Vidaluxury20/guru-korea-hd-ezformz/main/images/GKR-022.jpg","HD replacement","","2","https://timeleaf.co.kr/products/hutox-200","images/GKR-022.jpg"
"GKR-023","OneTox 100iu","100iu","26.25","https://raw.githubusercontent.com/Vidaluxury20/guru-korea-hd-ezformz/main/images/GKR-023.jpg","HD replacement","","2","https://js-aesthetics.global/shop/onetox/","images/GKR-023.jpg"
"GKR-024","RedTox 200iu","200iu","35","","Photo pending","Photo missing","2","",""
"GKR-025","Bienox 100iu","100iu","17","https://raw.githubusercontent.com/Vidaluxury20/guru-korea-hd-ezformz/main/images/GKR-025.jpg","HD replacement","","2","https://timeleaf.co.kr/products/bienox100-export-version","images/GKR-025.jpg"
"GKR-026","Toxta 100iu","100iu","22","https://raw.githubusercontent.com/Vidaluxury20/guru-korea-hd-ezformz/main/images/GKR-026.jpg","HD replacement","","2","https://timeleaf.co.kr/products/toxta100","images/GKR-026.jpg"
"GKR-027","Toxta 200iu","200iu","36.9","https://raw.githubusercontent.com/Vidaluxury20/guru-korea-hd-ezformz/main/images/GKR-027.jpg","HD replacement","","2","https://timeleaf.co.kr/products/toxta200","images/GKR-027.jpg"
"GKR-028","Coretox 100iu","100iu","35.75","https://raw.githubusercontent.com/Vidaluxury20/guru-korea-hd-ezformz/main/images/GKR-028.jpg","HD replacement","","2","https://timeleaf.co.kr/products/coretox","images/GKR-028.jpg"
"GKR-029","Isotonic Sodium Chloride Injection Daihan(500ml)","500ml ea x20 (bags) / box","28.9","https://raw.githubusercontent.com/Vidaluxury20/guru-korea-hd-ezformz/main/images/GKR-029.jpg","Retained original","","2","","images/GKR-029.jpg"
"GKR-030","Isotonic Sodium Chloride 0.9 Daihan 20mL 50A","50A","17","https://raw.githubusercontent.com/Vidaluxury20/guru-korea-hd-ezformz/main/images/GKR-030.jpg","Retained original","","2","","images/GKR-030.jpg"
"GKR-031","Sodium Chloride Inj. 0.9 Choongwae 20mL","50A","19.9","https://raw.githubusercontent.com/Vidaluxury20/guru-korea-hd-ezformz/main/images/GKR-031.jpg","Retained original","","2","","images/GKR-031.jpg"
"GKR-032","Wellsfill Deep","1.1ml","15","https://raw.githubusercontent.com/Vidaluxury20/guru-korea-hd-ezformz/main/images/GKR-032.jpg","Retained original","","2","","images/GKR-032.jpg"
"GKR-033","Wellsfill Volume","1.1ml","15","https://raw.githubusercontent.com/Vidaluxury20/guru-korea-hd-ezformz/main/images/GKR-033.jpg","Retained original","","2","","images/GKR-033.jpg"
"GKR-034","Wellsfill Fine","1.1ml","15","https://raw.githubusercontent.com/Vidaluxury20/guru-korea-hd-ezformz/main/images/GKR-034.jpg","Retained original","","2","","images/GKR-034.jpg"
"GKR-035","Gcelle Shape","","16.7","https://raw.githubusercontent.com/Vidaluxury20/guru-korea-hd-ezformz/main/images/GKR-035.jpg","Retained original","","2","","images/GKR-035.jpg"
"GKR-036","Gcelle Deep","1 x 1.1ml","16.7","https://raw.githubusercontent.com/Vidaluxury20/guru-korea-hd-ezformz/main/images/GKR-036.jpg","Retained original","","2","","images/GKR-036.jpg"
"GKR-037","Gcelle Fine","1 x 1.1ml","16.7","https://raw.githubusercontent.com/Vidaluxury20/guru-korea-hd-ezformz/main/images/GKR-037.jpg","Retained original","","3","","images/GKR-037.jpg"
"GKR-038","Restylane DEFYNE Restylane VOLUME Restylane KYSSE Restylane REFYNE","1ml","127","https://raw.githubusercontent.com/Vidaluxury20/guru-korea-hd-ezformz/main/images/GKR-038.jpg","Retained original","Grouped variants share source price","3","","images/GKR-038.jpg"
"GKR-039","Restylane EYELIGHT","0.5ml","105","https://raw.githubusercontent.com/Vidaluxury20/guru-korea-hd-ezformz/main/images/GKR-039.jpg","HD replacement","","3","https://www.fillerworld.com/products/restylane-eyelight-with-lidocaine-0-5ml","images/GKR-039.jpg"
"GKR-040","Juvederm VOLBELLA","","218.85","https://raw.githubusercontent.com/Vidaluxury20/guru-korea-hd-ezformz/main/images/GKR-040.jpg","HD replacement","","3","https://www.fillerworld.com/products/juvederm-volbella-with-lidocaine-2x1ml","images/GKR-040.jpg"
"GKR-041","Juvederm VOLIFT","","196","https://raw.githubusercontent.com/Vidaluxury20/guru-korea-hd-ezformz/main/images/GKR-041.jpg","HD replacement","","3","https://www.fillerworld.com/products/juvederm-volift-with-lidocaine-2x1ml","images/GKR-041.jpg"
"GKR-042","Juvederm VOLUMA","","205","https://raw.githubusercontent.com/Vidaluxury20/guru-korea-hd-ezformz/main/images/GKR-042.jpg","HD replacement","","3","https://www.fillerworld.com/products/juvederm-voluma-with-lidocaine-2x1ml","images/GKR-042.jpg"
"GKR-043","Juvederm VOLUX","","211","https://raw.githubusercontent.com/Vidaluxury20/guru-korea-hd-ezformz/main/images/GKR-043.jpg","HD replacement","","3","https://www.fillerworld.com/products/juvederm-volux-2x1ml","images/GKR-043.jpg"
"GKR-044","Beads Max High","1ml","19","https://raw.githubusercontent.com/Vidaluxury20/guru-korea-hd-ezformz/main/images/GKR-044.jpg","Retained original","","3","","images/GKR-044.jpg"
"GKR-045","Beads Max Mid","1ml","19","https://raw.githubusercontent.com/Vidaluxury20/guru-korea-hd-ezformz/main/images/GKR-045.jpg","Retained original","","3","","images/GKR-045.jpg"
"GKR-046","Beads Max Fine","1ml","19","https://raw.githubusercontent.com/Vidaluxury20/guru-korea-hd-ezformz/main/images/GKR-046.jpg","Retained original","","3","","images/GKR-046.jpg"
"GKR-047","Elasty G Plus","1ml1sy","13","https://raw.githubusercontent.com/Vidaluxury20/guru-korea-hd-ezformz/main/images/GKR-047.jpg","Retained original","","3","","images/GKR-047.jpg"
"GKR-048","Elasty D Plus","1ml1sy","13","https://raw.githubusercontent.com/Vidaluxury20/guru-korea-hd-ezformz/main/images/GKR-048.jpg","Retained original","","3","","images/GKR-048.jpg"
"GKR-049","Elasty F Plus","1ml1sy","13","https://raw.githubusercontent.com/Vidaluxury20/guru-korea-hd-ezformz/main/images/GKR-049.jpg","Retained original","","3","","images/GKR-049.jpg"
"GKR-050","Elasty G (Without lidocaine)","1ml2sy","23","https://raw.githubusercontent.com/Vidaluxury20/guru-korea-hd-ezformz/main/images/GKR-050.jpg","Retained original","","4","","images/GKR-050.jpg"
"GKR-051","Elasty D (Without lidocaine)","1ml2sy","23","https://raw.githubusercontent.com/Vidaluxury20/guru-korea-hd-ezformz/main/images/GKR-051.jpg","Retained original","","4","","images/GKR-051.jpg"
"GKR-052","Elasty F (Without lidocaine)","1ml2sy","23","https://raw.githubusercontent.com/Vidaluxury20/guru-korea-hd-ezformz/main/images/GKR-052.jpg","Retained original","","4","","images/GKR-052.jpg"
"GKR-053","EPTQ S 100","1.1mL","35","https://raw.githubusercontent.com/Vidaluxury20/guru-korea-hd-ezformz/main/images/GKR-053.jpg","HD replacement","","4","https://www.fillerworld.com/products/eptq-s100-with-lidocaine-1x1-1ml","images/GKR-053.jpg"
"GKR-054","EPTQ S 300","1.1mL","35","https://raw.githubusercontent.com/Vidaluxury20/guru-korea-hd-ezformz/main/images/GKR-054.jpg","HD replacement","","4","https://www.fillerworld.com/products/eptq-s300-with-lidocaine-1x1-1ml","images/GKR-054.jpg"
"GKR-055","EPTQ S 500","1.1mL","35","https://raw.githubusercontent.com/Vidaluxury20/guru-korea-hd-ezformz/main/images/GKR-055.jpg","HD replacement","","4","https://www.fillerworld.com/products/eptq-s500-with-lidocaine-1x1-1ml","images/GKR-055.jpg"
"GKR-056","Revolax® Sub-Q with Lidocaine","1.1mL","26","https://raw.githubusercontent.com/Vidaluxury20/guru-korea-hd-ezformz/main/images/GKR-056.jpg","HD replacement","","4","https://www.fillerworld.com/products/revolax-sub-q-with-lidocaine-1x1-1ml","images/GKR-056.jpg"
"GKR-057","Revolax® Deep with Lidocaine","1.1mL","26","https://raw.githubusercontent.com/Vidaluxury20/guru-korea-hd-ezformz/main/images/GKR-057.jpg","HD replacement","","4","https://www.fillerworld.com/products/revolax-deep-with-lidocaine-1x1-1ml","images/GKR-057.jpg"
"GKR-058","Revolax® Fine with Lidocaine","1.1mL","26","https://raw.githubusercontent.com/Vidaluxury20/guru-korea-hd-ezformz/main/images/GKR-058.jpg","HD replacement","","4","https://www.fillerworld.com/products/revolax-fine-with-lidocaine-1x1-1ml","images/GKR-058.jpg"
"GKR-059","Dermalax Plus","1.1mL","25","https://raw.githubusercontent.com/Vidaluxury20/guru-korea-hd-ezformz/main/images/GKR-059.jpg","Retained original","","4","","images/GKR-059.jpg"
"GKR-060","Dermalax Deep Plus","1.1mL","25","https://raw.githubusercontent.com/Vidaluxury20/guru-korea-hd-ezformz/main/images/GKR-060.jpg","Retained original","","4","","images/GKR-060.jpg"
"GKR-061","Dermalax Implant Plus","1ml/2sy","44.5","https://raw.githubusercontent.com/Vidaluxury20/guru-korea-hd-ezformz/main/images/GKR-061.jpg","Retained original","","4","","images/GKR-061.jpg"
"GKR-062","Neuramis® Deep","1mL","22.55","","Photo pending","Photo missing","4","",""
"GKR-063","Neuramis® Volume Lidocaine","1mL","21","https://raw.githubusercontent.com/Vidaluxury20/guru-korea-hd-ezformz/main/images/GKR-063.jpg","HD replacement","","4","https://timeleaf.co.kr/products/neuramis","images/GKR-063.jpg"
"GKR-064","Neuramis® Deep Lidocaine","1mL","21","https://raw.githubusercontent.com/Vidaluxury20/guru-korea-hd-ezformz/main/images/GKR-064.jpg","HD replacement","","4","https://timeleaf.co.kr/products/neuramis","images/GKR-064.jpg"
"GKR-065","Neuramis® Lidocaine","1mL","21","https://raw.githubusercontent.com/Vidaluxury20/guru-korea-hd-ezformz/main/images/GKR-065.jpg","HD replacement","","4","https://timeleaf.co.kr/products/neuramis","images/GKR-065.jpg"
"GKR-066","Neuramis® Light Lidocaine","1mL","22","https://raw.githubusercontent.com/Vidaluxury20/guru-korea-hd-ezformz/main/images/GKR-066.jpg","HD replacement","","4","https://timeleaf.co.kr/products/neuramis","images/GKR-066.jpg"
"GKR-067","The Chaeum Premium No 1","1.1ml/2sy","33","https://raw.githubusercontent.com/Vidaluxury20/guru-korea-hd-ezformz/main/images/GKR-067.jpg","Retained original","","4","","images/GKR-067.jpg"
"GKR-068","The Chaeum Premium No2","1.1ml/2sy","33","https://raw.githubusercontent.com/Vidaluxury20/guru-korea-hd-ezformz/main/images/GKR-068.jpg","Retained original","","4","","images/GKR-068.jpg"
"GKR-069","The Chaeum Premium No 3","1.1ml/2sy","33","https://raw.githubusercontent.com/Vidaluxury20/guru-korea-hd-ezformz/main/images/GKR-069.jpg","Retained original","","4","","images/GKR-069.jpg"
"GKR-070","The Chaeum Premium No 4","1.1ml/2sy","33","https://raw.githubusercontent.com/Vidaluxury20/guru-korea-hd-ezformz/main/images/GKR-070.jpg","Retained original","","5","","images/GKR-070.jpg"
"GKR-071","Rejeunesse Fine","1.1mL","19.5","https://raw.githubusercontent.com/Vidaluxury20/guru-korea-hd-ezformz/main/images/GKR-071.jpg","Retained original","","5","","images/GKR-071.jpg"
"GKR-072","Rejeunesse Shape","1.1mL","19.5","https://raw.githubusercontent.com/Vidaluxury20/guru-korea-hd-ezformz/main/images/GKR-072.jpg","Retained original","","5","","images/GKR-072.jpg"
"GKR-073","Rejeunesse Deep","1.1mL","19.5","https://raw.githubusercontent.com/Vidaluxury20/guru-korea-hd-ezformz/main/images/GKR-073.jpg","Retained original","","5","","images/GKR-073.jpg"
"GKR-074","Rejeunesse Sparkle (Meso)","2.5 mL x 3syr","58","https://raw.githubusercontent.com/Vidaluxury20/guru-korea-hd-ezformz/main/images/GKR-074.jpg","HD replacement","","5","https://timeleaf.co.kr/products/rejeunesse-sparkle","images/GKR-074.jpg"
"GKR-075","Replengen Fine","1.1mL","16.9","","Photo pending","Photo missing","5","",""
"GKR-076","Replengen Deep","1.1mL","16.9","https://raw.githubusercontent.com/Vidaluxury20/guru-korea-hd-ezformz/main/images/GKR-076.jpg","Retained original","","5","","images/GKR-076.jpg"
"GKR-077","Replengen Volume","1.1mL","16.9","https://raw.githubusercontent.com/Vidaluxury20/guru-korea-hd-ezformz/main/images/GKR-077.jpg","Retained original","","5","","images/GKR-077.jpg"
"GKR-078","Hyaldew All","1ml","21","https://raw.githubusercontent.com/Vidaluxury20/guru-korea-hd-ezformz/main/images/GKR-078.jpg","HD replacement","Repeated name and pack size in source","5","https://www.fillerworld.com/products/hyaldew-all-1x1ml","images/GKR-078.jpg"
"GKR-079","Hyaldew Mid","1ml","21","https://raw.githubusercontent.com/Vidaluxury20/guru-korea-hd-ezformz/main/images/GKR-079.jpg","HD replacement","Repeated name and pack size in source","5","https://www.fillerworld.com/products/hyaldew-mid-1x1ml","images/GKR-079.jpg"
"GKR-080","Hyaldew Fine","1ml","21","https://raw.githubusercontent.com/Vidaluxury20/guru-korea-hd-ezformz/main/images/GKR-080.jpg","HD replacement","Repeated name and pack size in source","5","https://www.fillerworld.com/products/hyaldew-fine-1x1ml","images/GKR-080.jpg"
"GKR-081","Hyaldew Shine (Meso)","2mL x 1syr","21","https://raw.githubusercontent.com/Vidaluxury20/guru-korea-hd-ezformz/main/images/GKR-081.jpg","HD replacement","","5","https://www.fillerworld.com/products/hyaldew-shine-1x2ml","images/GKR-081.jpg"
"GKR-082","Hyaldew All","1ml","19.9","https://raw.githubusercontent.com/Vidaluxury20/guru-korea-hd-ezformz/main/images/GKR-082.jpg","HD replacement","Repeated name and pack size in source","5","https://www.fillerworld.com/products/hyaldew-all-1x1ml","images/GKR-082.jpg"
"GKR-083","Hyaldew Mid","1ml","19.9","https://raw.githubusercontent.com/Vidaluxury20/guru-korea-hd-ezformz/main/images/GKR-083.jpg","HD replacement","Repeated name and pack size in source","5","https://www.fillerworld.com/products/hyaldew-mid-1x1ml","images/GKR-083.jpg"
"GKR-084","Hyaldew Fine","1ml","19.9","https://raw.githubusercontent.com/Vidaluxury20/guru-korea-hd-ezformz/main/images/GKR-084.jpg","HD replacement","Repeated name and pack size in source","5","https://www.fillerworld.com/products/hyaldew-fine-1x1ml","images/GKR-084.jpg"
"GKR-085","Regenovue Sub-Q Plus","1.1ml","25","https://raw.githubusercontent.com/Vidaluxury20/guru-korea-hd-ezformz/main/images/GKR-085.jpg","Retained original","","5","","images/GKR-085.jpg"
"GKR-086","Regenovue Deep Plus","1.1ml","25","https://raw.githubusercontent.com/Vidaluxury20/guru-korea-hd-ezformz/main/images/GKR-086.jpg","Retained original","","5","","images/GKR-086.jpg"
"GKR-087","Regenovue Fine Plus","1.1ml","25","","Photo pending","Photo missing","5","",""
"GKR-088","Starfill Plus Lidocaine","","26","","Photo pending","Photo missing","5","",""
"GKR-089","Starfill Deep Plus Lidocaine","1.1ml","22.65","https://raw.githubusercontent.com/Vidaluxury20/guru-korea-hd-ezformz/main/images/GKR-089.jpg","Retained original","","6","","images/GKR-089.jpg"
"GKR-090","Starfill Implant Plus Lidocaine","","22.65","https://raw.githubusercontent.com/Vidaluxury20/guru-korea-hd-ezformz/main/images/GKR-090.jpg","Retained original","","6","","images/GKR-090.jpg"
"GKR-091","Bonetta Volume","1.1mL x 2syr","27","https://raw.githubusercontent.com/Vidaluxury20/guru-korea-hd-ezformz/main/images/GKR-091.jpg","Retained original","","6","","images/GKR-091.jpg"
"GKR-092","Bonetta Deep","1.1mL x 2syr","27","https://raw.githubusercontent.com/Vidaluxury20/guru-korea-hd-ezformz/main/images/GKR-092.jpg","Retained original","","6","","images/GKR-092.jpg"
"GKR-093","Bonetta Fine","1.1mL x 2syr","27","https://raw.githubusercontent.com/Vidaluxury20/guru-korea-hd-ezformz/main/images/GKR-093.jpg","Retained original","","6","","images/GKR-093.jpg"
"GKR-094","Youthfill Shape","1.1mL x 1syr","17.9","https://raw.githubusercontent.com/Vidaluxury20/guru-korea-hd-ezformz/main/images/GKR-094.jpg","Retained original","","6","","images/GKR-094.jpg"
"GKR-095","Youthfill Deep","1.1mL x 1syr","17.9","https://raw.githubusercontent.com/Vidaluxury20/guru-korea-hd-ezformz/main/images/GKR-095.jpg","Retained original","","6","","images/GKR-095.jpg"
"GKR-096","Youthfill Fine","1.1mL x 1syr","17.9","https://raw.githubusercontent.com/Vidaluxury20/guru-korea-hd-ezformz/main/images/GKR-096.jpg","Retained original","","6","","images/GKR-096.jpg"
"GKR-097","Youthfill PN","2.5 mL / 1 syringe","37","https://raw.githubusercontent.com/Vidaluxury20/guru-korea-hd-ezformz/main/images/GKR-097.jpg","HD replacement","","6","https://timeleaf.co.kr/products/youthfill-pn","images/GKR-097.jpg"
"GKR-098","Celosome Implant","1.1mL x 1syr","16.5","https://raw.githubusercontent.com/Vidaluxury20/guru-korea-hd-ezformz/main/images/GKR-098.jpg","Retained original","","7","","images/GKR-098.jpg"
"GKR-099","Celosome Strong","1.1mL x 1syr","16.5","https://raw.githubusercontent.com/Vidaluxury20/guru-korea-hd-ezformz/main/images/GKR-099.jpg","Retained original","","7","","images/GKR-099.jpg"
"GKR-100","Celosome Mid","1.1mL x 1syr","16.5","https://raw.githubusercontent.com/Vidaluxury20/guru-korea-hd-ezformz/main/images/GKR-100.jpg","Retained original","","7","","images/GKR-100.jpg"
"GKR-101","Celosome Soft","1.1mL x 1syr","16.5","https://raw.githubusercontent.com/Vidaluxury20/guru-korea-hd-ezformz/main/images/GKR-101.jpg","Retained original","","7","","images/GKR-101.jpg"
"GKR-102","Yvoire Classic Plus","1ml","36","https://raw.githubusercontent.com/Vidaluxury20/guru-korea-hd-ezformz/main/images/GKR-102.jpg","Retained original","","7","","images/GKR-102.jpg"
"GKR-103","Yvoire Contour Plus","1ml","36","https://raw.githubusercontent.com/Vidaluxury20/guru-korea-hd-ezformz/main/images/GKR-103.jpg","Retained original","","7","","images/GKR-103.jpg"
"GKR-104","Yvoire Volume Plus","1ml","36","https://raw.githubusercontent.com/Vidaluxury20/guru-korea-hd-ezformz/main/images/GKR-104.jpg","Retained original","","7","","images/GKR-104.jpg"
"GKR-105","Priere Lip Filler","1.1ml/ 1syr","23.3","","Photo pending","Photo missing","7","",""
"GKR-106","Lipstar","1.2ml","17","https://raw.githubusercontent.com/Vidaluxury20/guru-korea-hd-ezformz/main/images/GKR-106.jpg","HD replacement","Repeated name and pack size in source","7","https://timeleaf.co.kr/products/lip-star","images/GKR-106.jpg"
"GKR-107","Monalisa Hard","1ml","20","https://raw.githubusercontent.com/Vidaluxury20/guru-korea-hd-ezformz/main/images/GKR-107.jpg","Retained original","","7","","images/GKR-107.jpg"
"GKR-108","Monalisa Mild","1ml","20","https://raw.githubusercontent.com/Vidaluxury20/guru-korea-hd-ezformz/main/images/GKR-108.jpg","Retained original","","7","","images/GKR-108.jpg"
"GKR-109","Monalisa Soft","1ml","23","https://raw.githubusercontent.com/Vidaluxury20/guru-korea-hd-ezformz/main/images/GKR-109.jpg","Retained original","","7","","images/GKR-109.jpg"
"GKR-110","Monalisa Ultra","1ml","20","https://raw.githubusercontent.com/Vidaluxury20/guru-korea-hd-ezformz/main/images/GKR-110.jpg","Retained original","","7","","images/GKR-110.jpg"
"GKR-111","Richesse Soft","1.1mL x 1syr Needles 30G (2)","18","https://raw.githubusercontent.com/Vidaluxury20/guru-korea-hd-ezformz/main/images/GKR-111.jpg","Retained original","","7","","images/GKR-111.jpg"
"GKR-112","Richesse Deep","1.1mL x 1syr Needle 27G (1) Cannula (1)","18","https://raw.githubusercontent.com/Vidaluxury20/guru-korea-hd-ezformz/main/images/GKR-112.jpg","Retained original","","7","","images/GKR-112.jpg"
"GKR-113","Richesse Implant","1.1mL x 1syr Needle 25G (1) Cannula (1)","18","https://raw.githubusercontent.com/Vidaluxury20/guru-korea-hd-ezformz/main/images/GKR-113.jpg","Retained original","","7","","images/GKR-113.jpg"
"GKR-114","Richesse Ultra","1.1mL x 1syr Needle 25G (1) Cannula (1)","18","https://raw.githubusercontent.com/Vidaluxury20/guru-korea-hd-ezformz/main/images/GKR-114.jpg","Retained original","","7","","images/GKR-114.jpg"
"GKR-115","Richesse Soft ( 2 syringes )","1.1mL x 2syr Needles 30G (4)","33.15","https://raw.githubusercontent.com/Vidaluxury20/guru-korea-hd-ezformz/main/images/GKR-115.jpg","Retained original","","7","","images/GKR-115.jpg"
"GKR-116","Richesse Deep ( 2 syringes )","1.1mL x 2syr Needle 27G (2) Cannula (2)","33.15","https://raw.githubusercontent.com/Vidaluxury20/guru-korea-hd-ezformz/main/images/GKR-116.jpg","Retained original","","7","","images/GKR-116.jpg"
"GKR-117","Richesse Implant ( 2 syringes )","1.1mL x 2syr Needle 25G (2) Cannula (2)","33.15","https://raw.githubusercontent.com/Vidaluxury20/guru-korea-hd-ezformz/main/images/GKR-117.jpg","Retained original","","7","","images/GKR-117.jpg"
"GKR-118","Richesse Ultra ( 2 syringes )","1.1mL x 2syr Needle 25G (2) Cannula (2)","33.15","https://raw.githubusercontent.com/Vidaluxury20/guru-korea-hd-ezformz/main/images/GKR-118.jpg","Retained original","","7","","images/GKR-118.jpg"
"GKR-119","DeneB Classic-H","10ml","65","https://raw.githubusercontent.com/Vidaluxury20/guru-korea-hd-ezformz/main/images/GKR-119.jpg","Retained original","","8","","images/GKR-119.jpg"
"GKR-120","DeneB Classic-S","10ml","65","https://raw.githubusercontent.com/Vidaluxury20/guru-korea-hd-ezformz/main/images/GKR-120.jpg","Retained original","","8","","images/GKR-120.jpg"
"GKR-121","Beads Max Classic-S (Soft)","10ml","75","https://raw.githubusercontent.com/Vidaluxury20/guru-korea-hd-ezformz/main/images/GKR-121.jpg","Retained original","","8","","images/GKR-121.jpg"
"GKR-122","Beads Max Classic-H (Hard)","10ml","75","https://raw.githubusercontent.com/Vidaluxury20/guru-korea-hd-ezformz/main/images/GKR-122.jpg","Retained original","","8","","images/GKR-122.jpg"
"GKR-123","Sedy fill","60mL","61","https://raw.githubusercontent.com/Vidaluxury20/guru-korea-hd-ezformz/main/images/GKR-123.jpg","Retained original","","8","","images/GKR-123.jpg"
"GKR-124","Sedy Fill 10mL","10mL","69","https://raw.githubusercontent.com/Vidaluxury20/guru-korea-hd-ezformz/main/images/GKR-124.jpg","HD replacement","","8","https://timeleaf.co.kr/products/sedy-fill-10ml-x-1syr","images/GKR-124.jpg"
"GKR-125","Celosome X-Shape","10mL","64","https://raw.githubusercontent.com/Vidaluxury20/guru-korea-hd-ezformz/main/images/GKR-125.jpg","HD replacement","","8","https://timeleaf.co.kr/products/celosome-x-shape","images/GKR-125.jpg"
"GKR-126","Maxy Fill 55cc (Hard)","50ml/ (Syringe)","120","https://raw.githubusercontent.com/Vidaluxury20/guru-korea-hd-ezformz/main/images/GKR-126.jpg","Retained original","","8","","images/GKR-126.jpg"
"GKR-127","Maxy Fill 70cc","70mL (Vial)","85.3","","Photo pending","Photo missing","8","",""
"GKR-128","Richesse B","10ml x 1syr","59","","Photo pending","Photo missing","8","",""
"GKR-129","The Hada body filler","50ml","64","https://raw.githubusercontent.com/Vidaluxury20/guru-korea-hd-ezformz/main/images/GKR-129.jpg","Retained original","","8","","images/GKR-129.jpg"
"GKR-130","Dermagen EXOSIA","2ml/10v","149.4","https://raw.githubusercontent.com/Vidaluxury20/guru-korea-hd-ezformz/main/images/GKR-130.jpg","Retained original","","8","","images/GKR-130.jpg"
"GKR-131","Dermagen EXOSIA Solution","5ml/10v","46","https://raw.githubusercontent.com/Vidaluxury20/guru-korea-hd-ezformz/main/images/GKR-131.jpg","Retained original","","8","","images/GKR-131.jpg"
"GKR-132","Dermagen EXOSIA (SET)","2ml/10v 5ml/10v","179.45","https://raw.githubusercontent.com/Vidaluxury20/guru-korea-hd-ezformz/main/images/GKR-132.jpg","Retained original","","9","","images/GKR-132.jpg"
"GKR-133","Dermagen Plus NAD+ Solution","3ml/1V","17","https://raw.githubusercontent.com/Vidaluxury20/guru-korea-hd-ezformz/main/images/GKR-133.jpg","HD replacement","","9","https://timeleaf.co.kr/products/dermagen-plus-nad","images/GKR-133.jpg"
"GKR-134","AMI NAD+","5ml /3v","57","https://raw.githubusercontent.com/Vidaluxury20/guru-korea-hd-ezformz/main/images/GKR-134.jpg","Retained original","","9","","images/GKR-134.jpg"
"GKR-135","Dermagen ECM","3ml/1V","46.5","https://raw.githubusercontent.com/Vidaluxury20/guru-korea-hd-ezformz/main/images/GKR-135.jpg","HD replacement","","9","https://timeleaf.co.kr/products/dermagen-plus-ecm-3ml-x-1vial","images/GKR-135.jpg"
"GKR-136","P198 Boosting Solution","3ml x 5v","47.9","https://raw.githubusercontent.com/Vidaluxury20/guru-korea-hd-ezformz/main/images/GKR-136.jpg","Retained original","","9","","images/GKR-136.jpg"
"GKR-137","Exo Healer P198 Filcore - Activating Solution","5ml/10v","62","https://raw.githubusercontent.com/Vidaluxury20/guru-korea-hd-ezformz/main/images/GKR-137.jpg","Retained original","","9","","images/GKR-137.jpg"
"GKR-138","Exo Healer P198 Filcore - SB","2ml/10v","164","https://raw.githubusercontent.com/Vidaluxury20/guru-korea-hd-ezformz/main/images/GKR-138.jpg","Retained original","","9","","images/GKR-138.jpg"
"GKR-139","Exo Healer P198 Filcore - SB PLUS","2ml x5v","249","https://raw.githubusercontent.com/Vidaluxury20/guru-korea-hd-ezformz/main/images/GKR-139.jpg","Retained original","","9","","images/GKR-139.jpg"
"GKR-140","Exo Healer P198 Filcore - SB PLUS program","2ml + 5ml (5pairs)","295","https://raw.githubusercontent.com/Vidaluxury20/guru-korea-hd-ezformz/main/images/GKR-140.jpg","Retained original","","9","","images/GKR-140.jpg"
"GKR-141","Exo Healer P198 Filcore - HB PLUS","2ml x5v","249","https://raw.githubusercontent.com/Vidaluxury20/guru-korea-hd-ezformz/main/images/GKR-141.jpg","Retained original","Repeated name and pack size in source","9","","images/GKR-141.jpg"
"GKR-142","Exo Healer P198 Filcore - HB program","2ml + 5ml (5pairs)","299","https://raw.githubusercontent.com/Vidaluxury20/guru-korea-hd-ezformz/main/images/GKR-142.jpg","Retained original","Repeated name and pack size in source","9","","images/GKR-142.jpg"
"GKR-143","ExoNature Inner Gel","2.5ml x 2ea; 4 sets","59","","Photo pending","Photo missing","9","",""
"GKR-144","Puri Aqua Exo","2.5ml / Syringes x 5ea","43.75","https://raw.githubusercontent.com/Vidaluxury20/guru-korea-hd-ezformz/main/images/GKR-144.jpg","Retained original","","10","","images/GKR-144.jpg"
"GKR-145","Hyalmass Aqua Exosome","2.5ml 10syr/ box","63","https://raw.githubusercontent.com/Vidaluxury20/guru-korea-hd-ezformz/main/images/GKR-145.jpg","Retained original","","10","","images/GKR-145.jpg"
"GKR-146","EXOXE Exosome (SET)","50mg / 5ml (5 pairs)","273","https://raw.githubusercontent.com/Vidaluxury20/guru-korea-hd-ezformz/main/images/GKR-146.jpg","Retained original","","10","","images/GKR-146.jpg"
"GKR-147","LusciExo (Set)","[Exosome] 100mg x 5 vials [Solution] 5mL x 5 vials","110","https://raw.githubusercontent.com/Vidaluxury20/guru-korea-hd-ezformz/main/images/GKR-147.jpg","Retained original","","10","","images/GKR-147.jpg"
"GKR-148","Richesse EXO19","2.2ml / box","43","https://raw.githubusercontent.com/Vidaluxury20/guru-korea-hd-ezformz/main/images/GKR-148.jpg","Retained original","","10","","images/GKR-148.jpg"
"GKR-149","CellExosome Black Label Skin","[Exosome] 200mg x 1 vial [Solution] 6mL x 1 vial","45.8","","Photo pending","Photo missing","10","",""
"GKR-150","CellExosome Black Label Hair","[Exosome] 200mg x 1 vial [Solution] 6mL x 1 vial","45.8","","Photo pending","Photo missing; Repeated name and pack size in source","10","",""
"GKR-151","GFC Cell Exo Scalp","5v / 5v (Powder / Solution)","130","https://raw.githubusercontent.com/Vidaluxury20/guru-korea-hd-ezformz/main/images/GKR-151.jpg","Retained original","Repeated name and pack size in source","10","","images/GKR-151.jpg"
"GKR-152","GFC Cell Exo Vital Kit","5v / 5v (Powder / Solution)","112","https://raw.githubusercontent.com/Vidaluxury20/guru-korea-hd-ezformz/main/images/GKR-152.jpg","Retained original","","10","","images/GKR-152.jpg"
"GKR-153","Exoten","1 pair 5ml","210","https://raw.githubusercontent.com/Vidaluxury20/guru-korea-hd-ezformz/main/images/GKR-153.jpg","Retained original","","10","","images/GKR-153.jpg"
"GKR-154","HANHEAL Facial Rejuvenation (Exosomes)","5ml x 5v","125","https://raw.githubusercontent.com/Vidaluxury20/guru-korea-hd-ezformz/main/images/GKR-154.jpg","Retained original","","10","","images/GKR-154.jpg"
"GKR-155","Selastin Exo plus","100mg x 5v (Exosome) 5ml x 5v (Solvent)","58","https://raw.githubusercontent.com/Vidaluxury20/guru-korea-hd-ezformz/main/images/GKR-155.jpg","HD replacement","","11","https://timeleaf.co.kr/products/selastin-exo-plus","images/GKR-155.jpg"
"GKR-156","ASCE+ HRLV","20mg/ 5v (booster only)","399.75","https://raw.githubusercontent.com/Vidaluxury20/guru-korea-hd-ezformz/main/images/GKR-156.jpg","HD replacement","","11","https://timeleaf.co.kr/products/asce-hair","images/GKR-156.jpg"
"GKR-157","ASCE+ SRLV (SET)","10v","343","https://raw.githubusercontent.com/Vidaluxury20/guru-korea-hd-ezformz/main/images/GKR-157.jpg","HD replacement","","11","https://timeleaf.co.kr/products/asce","images/GKR-157.jpg"
"GKR-158","Lacto Exo Colla","100mg x 5v (Exosome) 6ml x 5v (Solvent)","84.75","https://raw.githubusercontent.com/Vidaluxury20/guru-korea-hd-ezformz/main/images/GKR-158.jpg","HD replacement","","12","https://timeleaf.co.kr/products/lxc-lacto-exo-colla-5set","images/GKR-158.jpg"
"GKR-159","Cindella Healer","2ml/2sy","75","https://raw.githubusercontent.com/Vidaluxury20/guru-korea-hd-ezformz/main/images/GKR-159.jpg","HD replacement","","12","https://timeleaf.co.kr/products/cindella-healer","images/GKR-159.jpg"
"GKR-160","Derma Cindella","1ml/2sy","51","https://raw.githubusercontent.com/Vidaluxury20/guru-korea-hd-ezformz/main/images/GKR-160.jpg","HD replacement","","12","https://timeleaf.co.kr/products/cindella-1ml-x-2syr","images/GKR-160.jpg"
"GKR-161","Eyebella PN","2ml / 1sy","20.55","https://raw.githubusercontent.com/Vidaluxury20/guru-korea-hd-ezformz/main/images/GKR-161.jpg","HD replacement","","12","https://timeleaf.co.kr/products/eyebella","images/GKR-161.jpg"
"GKR-162","Rejuran Skin booster","2ml / 6v","105","https://raw.githubusercontent.com/Vidaluxury20/guru-korea-hd-ezformz/main/images/GKR-162.jpg","HD replacement","","12","https://timeleaf.co.kr/products/rejuran","images/GKR-162.jpg"
"GKR-163","Rejuran Healer","2ml/2sy","245","https://raw.githubusercontent.com/Vidaluxury20/guru-korea-hd-ezformz/main/images/GKR-163.jpg","HD replacement","","12","https://timeleaf.co.kr/products/rejuran-healer","images/GKR-163.jpg"
"GKR-164","Lapuroon Aurora Super PDRN","2.5mL x 2syr","49.85","","Photo pending","Photo missing","12","",""
"GKR-165","Youthfill PN","2.5 mL/ 1syr","37","https://raw.githubusercontent.com/Vidaluxury20/guru-korea-hd-ezformz/main/images/GKR-165.jpg","HD replacement","","12","https://timeleaf.co.kr/products/youthfill-pn","images/GKR-165.jpg"
"GKR-166","Velatox GF11","3ml x 5v 2 serums","56","https://raw.githubusercontent.com/Vidaluxury20/guru-korea-hd-ezformz/main/images/GKR-166.jpg","HD replacement","","12","https://timeleaf.co.kr/products/velatox-5set","images/GKR-166.jpg"
"GKR-167","Selastin Tox GF11","5v / 5ml","59.55","https://raw.githubusercontent.com/Vidaluxury20/guru-korea-hd-ezformz/main/images/GKR-167.jpg","HD replacement","","13","https://timeleaf.co.kr/products/selastin-tox-5ml-x-5vial","images/GKR-167.jpg"
"GKR-168","Goldcell premium","3.3ml l/ 10v","145","https://raw.githubusercontent.com/Vidaluxury20/guru-korea-hd-ezformz/main/images/GKR-168.jpg","Retained original","","13","","images/GKR-168.jpg"
"GKR-169","Curenex Intense Glow & Shine (Rejuvenating Solution)","5ml x 5v","64","https://raw.githubusercontent.com/Vidaluxury20/guru-korea-hd-ezformz/main/images/GKR-169.jpg","HD replacement","","13","https://timeleaf.co.kr/products/curenex-intense-glow-shine","images/GKR-169.jpg"
"GKR-170","Rejuner gold","2ml / 5v","245","https://raw.githubusercontent.com/Vidaluxury20/guru-korea-hd-ezformz/main/images/GKR-170.jpg","HD replacement","","13","https://timeleaf.co.kr/products/rejuner-gold-2mg-x-5vial","images/GKR-170.jpg"
"GKR-171","Rejuner black","2ml / 5v","245","https://raw.githubusercontent.com/Vidaluxury20/guru-korea-hd-ezformz/main/images/GKR-171.jpg","HD replacement","","13","https://timeleaf.co.kr/products/rejuner-black-2mg-5vial","images/GKR-171.jpg"
"GKR-172","Rejunesse sparkle","2.5ml / 3sy","69","https://raw.githubusercontent.com/Vidaluxury20/guru-korea-hd-ezformz/main/images/GKR-172.jpg","HD replacement","","13","https://timeleaf.co.kr/products/rejeunesse-sparkle","images/GKR-172.jpg"
"GKR-173","ULTRA CA+","2 syringes x 0.8 ml","81","https://raw.githubusercontent.com/Vidaluxury20/guru-korea-hd-ezformz/main/images/GKR-173.jpg","HD replacement","","13","https://timeleaf.co.kr/products/ultra-ca-0-8ml-2-syr","images/GKR-173.jpg"
"GKR-174","EVE EYES PRO+","2ml / 1sy","30","https://raw.githubusercontent.com/Vidaluxury20/guru-korea-hd-ezformz/main/images/GKR-174.jpg","HD replacement","","13","https://timeleaf.co.kr/products/eve-eyes-pro","images/GKR-174.jpg"
"GKR-175","Tesoro Collagen","2.0ml * 1 Syringe","33","","Photo pending","Photo missing","13","",""
"GKR-176","Priere Tulip Lip Filler","1.1ml/ 1syr","23.3","","Photo pending","Photo missing","14","",""
"GKR-177","Lipstar","1.2ml","17","https://raw.githubusercontent.com/Vidaluxury20/guru-korea-hd-ezformz/main/images/GKR-177.jpg","HD replacement","Repeated name and pack size in source","14","https://timeleaf.co.kr/products/lip-star","images/GKR-177.jpg"
"GKR-178","Misadi Beso","1ml/ 1syr","16.1","","Photo pending","Photo missing","14","",""
"GKR-179","Puri Lips","1.1ml/ 1syr","19","https://raw.githubusercontent.com/Vidaluxury20/guru-korea-hd-ezformz/main/images/GKR-179.jpg","Retained original","","14","","images/GKR-179.jpg"
"GKR-180","Puri Lips Balm","8.5g","19.35","","Photo pending","Photo missing; Repeated name and pack size in source","14","",""
"GKR-181","Cindella i","2ml / 1sy","16.5","https://raw.githubusercontent.com/Vidaluxury20/guru-korea-hd-ezformz/main/images/GKR-181.jpg","HD replacement","","14","https://timeleaf.co.kr/products/cindella-i-2ml-x-1syr","images/GKR-181.jpg"
"GKR-182","Ami Eyes","2mL/syr","25","https://raw.githubusercontent.com/Vidaluxury20/guru-korea-hd-ezformz/main/images/GKR-182.jpg","HD replacement","","14","https://www.fillerworld.com/products/ami-eyes-2ml","images/GKR-182.jpg"
"GKR-183","Curenex Eye","2mL/syr","26","https://raw.githubusercontent.com/Vidaluxury20/guru-korea-hd-ezformz/main/images/GKR-183.jpg","HD replacement","","14","https://timeleaf.co.kr/products/curenex-eye","images/GKR-183.jpg"
"GKR-184","AETER Puri Eyes","1.1ml/ 1syr","25","https://raw.githubusercontent.com/Vidaluxury20/guru-korea-hd-ezformz/main/images/GKR-184.jpg","HD replacement","","14","https://js-aesthetics.global/shop/puri-eyes-wholesale/","images/GKR-184.jpg"
"GKR-185","AETER Puri Eyes Pro","1.1ml/ 1syr","26","https://raw.githubusercontent.com/Vidaluxury20/guru-korea-hd-ezformz/main/images/GKR-185.jpg","Retained original","","14","","images/GKR-185.jpg"
"GKR-186","Puri Coll Rh","2.5ml/1sy","29","https://raw.githubusercontent.com/Vidaluxury20/guru-korea-hd-ezformz/main/images/GKR-186.jpg","HD replacement","","14","https://js-aesthetics.global/shop/puri-coll-rh-wholesale/","images/GKR-186.jpg"
"GKR-187","Puri PDRN","2.5ml* 5 ampoules","42","https://raw.githubusercontent.com/Vidaluxury20/guru-korea-hd-ezformz/main/images/GKR-187.jpg","Retained original","","15","","images/GKR-187.jpg"
"GKR-188","Carat FIll Aurora Skin Booster","10 ampoules x 5.2ml","74.8","","Photo pending","Photo missing","16","",""
"GKR-189","ELAXEN HA-PN","2.5 mL × 10 Syringes","73.2","https://raw.githubusercontent.com/Vidaluxury20/guru-korea-hd-ezformz/main/images/GKR-189.jpg","Retained original","","16","","images/GKR-189.jpg"
"GKR-190","ELAXEN PN","2.5 mL × 3 Syringes","43","","Photo pending","Photo missing","16","",""
"GKR-191","SARDENYA Nucleo","2.5ml x 1syr 33g 4mm(2)","40","","Photo pending","Photo missing","16","",""
"GKR-192","SARDENYA Nucleo+","2.5ml x 1syr 30g 4mm(2)","37","","Photo pending","Photo missing","16","",""
"GKR-193","Eclafin M Ampoule","5ml x 5v","93.4","https://raw.githubusercontent.com/Vidaluxury20/guru-korea-hd-ezformz/main/images/GKR-193.jpg","HD replacement","","16","https://js-aesthetics.global/shop/eclafin-m/","images/GKR-193.jpg"
"GKR-194","Eclafin V Ampoule","10ml x 5v","77.4","https://raw.githubusercontent.com/Vidaluxury20/guru-korea-hd-ezformz/main/images/GKR-194.jpg","Retained original","","16","","images/GKR-194.jpg"
"GKR-195","Eclafin P Ampoule","5ml x 5v","83","https://raw.githubusercontent.com/Vidaluxury20/guru-korea-hd-ezformz/main/images/GKR-195.jpg","Retained original","","16","","images/GKR-195.jpg"
"GKR-196","Eclafin S Ampoule","5ml x 5v","88","https://raw.githubusercontent.com/Vidaluxury20/guru-korea-hd-ezformz/main/images/GKR-196.jpg","Retained original","","16","","images/GKR-196.jpg"
"GKR-197","Rejuvenex Forte","2.5ml x 6ampoules / BOX","44.4","https://raw.githubusercontent.com/Vidaluxury20/guru-korea-hd-ezformz/main/images/GKR-197.jpg","Retained original","","16","","images/GKR-197.jpg"
"GKR-198","Rejuvenex Vega Shine","2.5ml x 6ampoules / BOX","44.4","https://raw.githubusercontent.com/Vidaluxury20/guru-korea-hd-ezformz/main/images/GKR-198.jpg","Retained original","","17","","images/GKR-198.jpg"
"GKR-199","Rejuran Tone Up booster","Vial 1: 2mL / 3vials Vial 2: 2mL /3vials","123","https://raw.githubusercontent.com/Vidaluxury20/guru-korea-hd-ezformz/main/images/GKR-199.jpg","HD replacement","","17","https://timeleaf.co.kr/products/rejuran-tone-up-booster","images/GKR-199.jpg"
"GKR-200","Soonsu Ultra Reju","3mL x 5ea","88","https://raw.githubusercontent.com/Vidaluxury20/guru-korea-hd-ezformz/main/images/GKR-200.jpg","HD replacement","","17","https://timeleaf.co.kr/products/ultrareju","images/GKR-200.jpg"
"GKR-201","PiNkLLA","100mg/ 1v","56","https://raw.githubusercontent.com/Vidaluxury20/guru-korea-hd-ezformz/main/images/GKR-201.jpg","HD replacement","","17","https://timeleaf.co.kr/products/pinklla","images/GKR-201.jpg"
"GKR-202","Olidia","1v","89","https://raw.githubusercontent.com/Vidaluxury20/guru-korea-hd-ezformz/main/images/GKR-202.jpg","HD replacement","","17","https://timeleaf.co.kr/products/olidia","images/GKR-202.jpg"
"GKR-203","Plavann Volume","1v","59","","Photo pending","Photo missing","17","",""
"GKR-204","Ultracol 100 (Ultra V)","100mg / 1v","119.8","","Photo pending","Photo missing","17","",""
"GKR-205","Ultracol 200 (Ultra V)","200mg / 1v","104.4","","Photo pending","Photo missing","17","",""
"GKR-206","Dermaheal HSR","5mL/10v","85","https://raw.githubusercontent.com/Vidaluxury20/guru-korea-hd-ezformz/main/images/GKR-206.jpg","HD replacement","","17","https://www.fillerworld.com/products/dermaheal-hsr-5x10-vials","images/GKR-206.jpg"
"GKR-207","Dermaheal SR","5mL/10v","85","https://raw.githubusercontent.com/Vidaluxury20/guru-korea-hd-ezformz/main/images/GKR-207.jpg","Retained original","","18","","images/GKR-207.jpg"
"GKR-208","Dermaheal SB","5mL/10v","85","","Photo pending","Photo missing","19","",""
"GKR-209","Dermaheal HL","5mL/10v","85","https://raw.githubusercontent.com/Vidaluxury20/guru-korea-hd-ezformz/main/images/GKR-209.jpg","HD replacement","","19","https://www.fillerworld.com/products/dermaheal-hl-5x10ml","images/GKR-209.jpg"
"GKR-210","Kiara Reju","2,2mL/3syr","35.9","https://raw.githubusercontent.com/Vidaluxury20/guru-korea-hd-ezformz/main/images/GKR-210.jpg","HD replacement","","19","https://timeleaf.co.kr/products/kiara-reju","images/GKR-210.jpg"
"GKR-211","Kiara + Aura","3.5ml/ 1v","37","","Photo pending","Photo missing","19","",""
"GKR-212","High Injection","2mL/3sy","36","https://raw.githubusercontent.com/Vidaluxury20/guru-korea-hd-ezformz/main/images/GKR-212.jpg","Retained original","","19","","images/GKR-212.jpg"
"GKR-213","Hyaron","2.5mL/10sy","45","https://raw.githubusercontent.com/Vidaluxury20/guru-korea-hd-ezformz/main/images/GKR-213.jpg","HD replacement","","19","https://timeleaf.co.kr/products/hyaron","images/GKR-213.jpg"
"GKR-214","Silksense","2.5ml / 1sy","51","","Photo pending","Photo missing","19","",""
"GKR-215","Purihilo PN","2.5ml / 1sy","58.5","https://raw.githubusercontent.com/Vidaluxury20/guru-korea-hd-ezformz/main/images/GKR-215.jpg","HD replacement","","19","https://js-aesthetics.global/shop/purihilo-pn-wholesale/","images/GKR-215.jpg"
"GKR-216","REVS PRO 32","64mg/syr","54","https://raw.githubusercontent.com/Vidaluxury20/guru-korea-hd-ezformz/main/images/GKR-216.jpg","HD replacement","","19","https://www.fillerworld.com/products/revs-pro32-1x2ml","images/GKR-216.jpg"
"GKR-217","Evehilo","64mg/syr","74","https://raw.githubusercontent.com/Vidaluxury20/guru-korea-hd-ezformz/main/images/GKR-217.jpg","HD replacement","","19","https://timeleaf.co.kr/products/evehilo","images/GKR-217.jpg"
"GKR-218","Hilo Wave","2ml / 1sy","90","https://raw.githubusercontent.com/Vidaluxury20/guru-korea-hd-ezformz/main/images/GKR-218.jpg","HD replacement","","19","https://timeleaf.co.kr/products/hilo-wave","images/GKR-218.jpg"
"GKR-219","Hilo Wave ID","2ml / 1sy","80","","Photo pending","Photo missing","20","",""
"GKR-220","Celosome Aqua","2.5mL x 5syr","65","https://raw.githubusercontent.com/Vidaluxury20/guru-korea-hd-ezformz/main/images/GKR-220.jpg","HD replacement","","20","https://timeleaf.co.kr/products/celosome-aqua","images/GKR-220.jpg"
"GKR-221","Regenovue Aquashine","3ml/3syr","40","https://raw.githubusercontent.com/Vidaluxury20/guru-korea-hd-ezformz/main/images/GKR-221.jpg","HD replacement","","20","https://www.fillerworld.com/products/regenovue-aqua-shine-3ml-x-3-syringes","images/GKR-221.jpg"
"GKR-222","Regenovue Aquashine Plus","3ml/3syr","41","https://raw.githubusercontent.com/Vidaluxury20/guru-korea-hd-ezformz/main/images/GKR-222.jpg","HD replacement","","20","https://www.fillerworld.com/products/regenovue-aqua-shine-plus-3ml-x-3-syringes","images/GKR-222.jpg"
"GKR-223","Hyalmass 50cc","2mL/1syr","17.75","","Photo pending","Photo missing","20","",""
"GKR-224","GC Wellbeing Collafill","1mL/1syr","31","https://raw.githubusercontent.com/Vidaluxury20/guru-korea-hd-ezformz/main/images/GKR-224.jpg","Retained original","","20","","images/GKR-224.jpg"
"GKR-225","Gouri","1mL/1syr","120","https://raw.githubusercontent.com/Vidaluxury20/guru-korea-hd-ezformz/main/images/GKR-225.jpg","HD replacement","","20","https://timeleaf.co.kr/products/gouri","images/GKR-225.jpg"
"GKR-226","NEOME PCL","1mL/1syr","110","","Photo pending","Photo missing","20","",""
"GKR-227","Miracle L (Skin lifting and rejuvenation)","2mL x 5V","190","https://raw.githubusercontent.com/Vidaluxury20/guru-korea-hd-ezformz/main/images/GKR-227.jpg","HD replacement","","20","https://timeleaf.co.kr/products/miracle-l","images/GKR-227.jpg"
"GKR-228","Miracle H (Skin hydration and rejuvenation)","2mL x 5V","190","https://raw.githubusercontent.com/Vidaluxury20/guru-korea-hd-ezformz/main/images/GKR-228.jpg","HD replacement","","20","https://timeleaf.co.kr/products/miracle-h","images/GKR-228.jpg"
"GKR-229","Miracle Touch BR (Skin Brightening)","5mL x 5V","55","https://raw.githubusercontent.com/Vidaluxury20/guru-korea-hd-ezformz/main/images/GKR-229.jpg","Retained original","","20","","images/GKR-229.jpg"
"GKR-230","MISFILL+ Baby face","5mL x 10V","31","https://raw.githubusercontent.com/Vidaluxury20/guru-korea-hd-ezformz/main/images/GKR-230.jpg","HD replacement","","20","https://timeleaf.co.kr/products/misfill-baby-face-5ml-x-10vial","images/GKR-230.jpg"
"GKR-231","Beads Max Whitening Skin booster","2mL x 2syr","38","https://raw.githubusercontent.com/Vidaluxury20/guru-korea-hd-ezformz/main/images/GKR-231.jpg","HD replacement","","20","https://timeleaf.co.kr/products/beads-max-whitening-skinbooster-2ml-x-3syr","images/GKR-231.jpg"
"GKR-232","Miracle Touch UP","2mL x 5V","90","https://raw.githubusercontent.com/Vidaluxury20/guru-korea-hd-ezformz/main/images/GKR-232.jpg","Retained original","","21","","images/GKR-232.jpg"
"GKR-233","HP Cell VITARAN i (PN 2%)","1ml x 1syringe","55","https://raw.githubusercontent.com/Vidaluxury20/guru-korea-hd-ezformz/main/images/GKR-233.jpg","Retained original","","21","","images/GKR-233.jpg"
"GKR-234","HP Cell VITARAN i Ⅱ (PN 2%)","2ml x 1syringe","75","https://raw.githubusercontent.com/Vidaluxury20/guru-korea-hd-ezformz/main/images/GKR-234.jpg","Retained original","","21","","images/GKR-234.jpg"
"GKR-235","HP Cell VITARAN i 4 (PN 2%)","2ml x 2syringe","135","https://raw.githubusercontent.com/Vidaluxury20/guru-korea-hd-ezformz/main/images/GKR-235.jpg","Retained original","","22","","images/GKR-235.jpg"
"GKR-236","HP Cell Regation Tox & Eye","3.0ml / 5v","79","https://raw.githubusercontent.com/Vidaluxury20/guru-korea-hd-ezformz/main/images/GKR-236.jpg","Retained original","","23","","images/GKR-236.jpg"
"GKR-237","Juvelook","50mg/ 1v","127","https://raw.githubusercontent.com/Vidaluxury20/guru-korea-hd-ezformz/main/images/GKR-237.jpg","Retained original","","23","","images/GKR-237.jpg"
"GKR-238","Juvelook I","30mg/ 1v","107","","Photo pending","Photo missing","23","",""
"GKR-239","Juvelook Volume","200mg/ 1v","139","","Photo pending","Photo missing","23","",""
"GKR-240","Juvelook G","200mg / 1v","127","","Photo pending","Photo missing","23","",""
"GKR-241","Etrebelle","200mg/v","78","https://raw.githubusercontent.com/Vidaluxury20/guru-korea-hd-ezformz/main/images/GKR-241.jpg","Retained original","","23","","images/GKR-241.jpg"
"GKR-242","Etrebelle","50mg/v","78","https://raw.githubusercontent.com/Vidaluxury20/guru-korea-hd-ezformz/main/images/GKR-242.jpg","Retained original","","23","","images/GKR-242.jpg"
"GKR-243","Etrebelle PN","436.8mg / 1v","77.8","https://raw.githubusercontent.com/Vidaluxury20/guru-korea-hd-ezformz/main/images/GKR-243.jpg","Retained original","","23","","images/GKR-243.jpg"
"GKR-244","Lefilleo DMT","3ml/ 1v","46","","Photo pending","Photo missing","23","",""
"GKR-245","Sculptra","5mL/ 1v","245","https://raw.githubusercontent.com/Vidaluxury20/guru-korea-hd-ezformz/main/images/GKR-245.jpg","Retained original","","23","","images/GKR-245.jpg"
"GKR-246","Rejubella","300mg/5v","271","https://raw.githubusercontent.com/Vidaluxury20/guru-korea-hd-ezformz/main/images/GKR-246.jpg","Retained original","","24","","images/GKR-246.jpg"
"GKR-247","Peachfill","200mg/ 1v","103","https://raw.githubusercontent.com/Vidaluxury20/guru-korea-hd-ezformz/main/images/GKR-247.jpg","Retained original","","24","","images/GKR-247.jpg"
"GKR-248","Synatoks R Plus","5ml / 5v","52.45","","Photo pending","Photo missing","24","",""
"GKR-249","Aesthefill","200mg/v","165","https://raw.githubusercontent.com/Vidaluxury20/guru-korea-hd-ezformz/main/images/GKR-249.jpg","HD replacement","","24","https://timeleaf.co.kr/products/aesthefill-200mg-x-1vial-korean-version","images/GKR-249.jpg"
"GKR-250","Ellanse M","1mL x 2syr","530","https://raw.githubusercontent.com/Vidaluxury20/guru-korea-hd-ezformz/main/images/GKR-250.jpg","HD replacement","","24","https://www.fillerworld.com/products/ellanse-m-2x1ml","images/GKR-250.jpg"
"GKR-251","Radiesse","1.5cc/1syr","170","https://raw.githubusercontent.com/Vidaluxury20/guru-korea-hd-ezformz/main/images/GKR-251.jpg","Retained original","","24","","images/GKR-251.jpg"
"GKR-252","Radiesse Lido","1.5cc/1syr","170","https://raw.githubusercontent.com/Vidaluxury20/guru-korea-hd-ezformz/main/images/GKR-252.jpg","HD replacement","","24","https://www.fillerworld.com/products/radiesse-with-lidocaine-1x1-5ml","images/GKR-252.jpg"
"GKR-253","Volassom","0.8cc/2syr","85","https://raw.githubusercontent.com/Vidaluxury20/guru-korea-hd-ezformz/main/images/GKR-253.jpg","HD replacement","","24","https://timeleaf.co.kr/products/volassom","images/GKR-253.jpg"
"GKR-254","Juvederm Skinvive","1ml/2syr","179","https://raw.githubusercontent.com/Vidaluxury20/guru-korea-hd-ezformz/main/images/GKR-254.jpg","HD replacement","","24","https://www.fillerworld.com/products/juvederm-skinvive-2x1ml","images/GKR-254.jpg"
"GKR-255","Wellsline","10ml x 5v","40","https://raw.githubusercontent.com/Vidaluxury20/guru-korea-hd-ezformz/main/images/GKR-255.jpg","HD replacement","","24","https://timeleaf.co.kr/products/wells-line-10ml-x-5vial","images/GKR-255.jpg"
"GKR-256","Pine Bottle","10m x 5v","45.5","https://raw.githubusercontent.com/Vidaluxury20/guru-korea-hd-ezformz/main/images/GKR-256.jpg","HD replacement","","24","https://timeleaf.co.kr/products/pine-bottle","images/GKR-256.jpg"
"GKR-257","Lipo Lab","10ml x 10A","44","https://raw.githubusercontent.com/Vidaluxury20/guru-korea-hd-ezformz/main/images/GKR-257.jpg","HD replacement","","24","https://timeleaf.co.kr/products/lipo-lab-1","images/GKR-257.jpg"
"GKR-258","Kabelline","8ml*5V","45","https://raw.githubusercontent.com/Vidaluxury20/guru-korea-hd-ezformz/main/images/GKR-258.jpg","HD replacement","","25","https://timeleaf.co.kr/products/kabelline","images/GKR-258.jpg"
"GKR-259","Super V-line Sol.","10mL*5V","33","https://raw.githubusercontent.com/Vidaluxury20/guru-korea-hd-ezformz/main/images/GKR-259.jpg","HD replacement","","25","https://js-aesthetics.global/shop/super-v-line-sol/","images/GKR-259.jpg"
"GKR-260","Premium PPC.C","10ml*5V","37","https://raw.githubusercontent.com/Vidaluxury20/guru-korea-hd-ezformz/main/images/GKR-260.jpg","Retained original","","25","","images/GKR-260.jpg"
"GKR-261","Lipo Lab V-Line","10mL x 5V","45","https://raw.githubusercontent.com/Vidaluxury20/guru-korea-hd-ezformz/main/images/GKR-261.jpg","HD replacement","","25","https://timeleaf.co.kr/products/lipo-lab-v-line","images/GKR-261.jpg"
"GKR-262","Lipovela","10mL x 10V","41.5","https://raw.githubusercontent.com/Vidaluxury20/guru-korea-hd-ezformz/main/images/GKR-262.jpg","HD replacement","","25","https://timeleaf.co.kr/products/lipo-vela-10ml-x-10vial","images/GKR-262.jpg"
"GKR-263","Lipovela V","5ml / 10v","47","https://raw.githubusercontent.com/Vidaluxury20/guru-korea-hd-ezformz/main/images/GKR-263.jpg","HD replacement","","25","https://timeleaf.co.kr/products/lipo-vella-v-5ml-x-10vial","images/GKR-263.jpg"
"GKR-264","Dr.LIPO + V","5mL x 10V","50","https://raw.githubusercontent.com/Vidaluxury20/guru-korea-hd-ezformz/main/images/GKR-264.jpg","Retained original","","25","","images/GKR-264.jpg"
"GKR-265","Dr.Lipo+","10ml x 10V","50","https://raw.githubusercontent.com/Vidaluxury20/guru-korea-hd-ezformz/main/images/GKR-265.jpg","Retained original","","25","","images/GKR-265.jpg"
"GKR-266","Prime DR.LIPO+","2 mL × 10 V","55","https://raw.githubusercontent.com/Vidaluxury20/guru-korea-hd-ezformz/main/images/GKR-266.jpg","Retained original","","25","","images/GKR-266.jpg"
"GKR-267","Curenex Lipo 5v/10ml","5 vials × 10ml","69","https://raw.githubusercontent.com/Vidaluxury20/guru-korea-hd-ezformz/main/images/GKR-267.jpg","HD replacement","","25","https://timeleaf.co.kr/products/curenex-lipo","images/GKR-267.jpg"
"GKR-268","BM Hylunidase Inj.","1mL/10V","25","https://raw.githubusercontent.com/Vidaluxury20/guru-korea-hd-ezformz/main/images/GKR-268.jpg","HD replacement","","26","https://timeleaf.co.kr/products/bm-hylunidase","images/GKR-268.jpg"
"GKR-269","Malinda Inj.","1mL/10V","25","https://raw.githubusercontent.com/Vidaluxury20/guru-korea-hd-ezformz/main/images/GKR-269.jpg","HD replacement","","26","https://timeleaf.co.kr/products/malinda","images/GKR-269.jpg"
"GKR-270","LIPORASE Injection","1mL/10V","26.45","https://raw.githubusercontent.com/Vidaluxury20/guru-korea-hd-ezformz/main/images/GKR-270.jpg","HD replacement","","26","https://js-aesthetics.global/shop/liporase-inj/","images/GKR-270.jpg"
"GKR-271","Lidcaine Plus Cream 10.56%","500g","22","","Photo pending","Photo missing","27","",""
"GKR-272","Wellscaine Cream 9.6%","500g","21","","Photo pending","Photo missing","27","",""
"GKR-273","Wellscaine Plus Cream 5%","500g","23","","Photo pending","Photo missing","27","",""
"GKR-274","SM lido cream 30g","30g","4.99","","Photo pending","Photo missing","27","https://js-aesthetics.global/shop/sm-lido-cream-wholesale/",""
"GKR-275","Muchcaine 10.56%","30g","4.99","https://raw.githubusercontent.com/Vidaluxury20/guru-korea-hd-ezformz/main/images/GKR-275.jpg","HD replacement","","27","https://timeleaf.co.kr/products/muchcaine","images/GKR-275.jpg"
"GKR-276","Muchcaine PLUS 5% 500g","500g","26","https://raw.githubusercontent.com/Vidaluxury20/guru-korea-hd-ezformz/main/images/GKR-276.jpg","HD replacement","","27","https://timeleaf.co.kr/products/muchcaine-5-plus-cream-500g","images/GKR-276.jpg"
"GKR-277","Muchcaine PLUS 5% 100g","100g","11","https://raw.githubusercontent.com/Vidaluxury20/guru-korea-hd-ezformz/main/images/GKR-277.jpg","HD replacement","","27","https://timeleaf.co.kr/products/muchcaine-plus-cream-100g","images/GKR-277.jpg"
"GKR-278","Lidocaine HCI with Epinephrine injection (Huons) 1:100,000","1.8mL/50V","19","https://raw.githubusercontent.com/Vidaluxury20/guru-korea-hd-ezformz/main/images/GKR-278.jpg","Retained original","","27","","images/GKR-278.jpg"
"GKR-279","Lidocaine HCI with Epinephrine injection (Huons) 1:80,000","1.8mL/50V","22.45","https://raw.githubusercontent.com/Vidaluxury20/guru-korea-hd-ezformz/main/images/GKR-279.jpg","Retained original","","27","","images/GKR-279.jpg"
"GKR-280","Daihan Lidocaine HCl Hydrate Inj. 1% 20ml /10V","20ml /10V","7.35","https://raw.githubusercontent.com/Vidaluxury20/guru-korea-hd-ezformz/main/images/GKR-280.jpg","Retained original","","27","","images/GKR-280.jpg"
"GKR-281","Daihan Lidocaine HCl Hydrate Inj. 2% 20ml /10V","20ml /10V","7.5","https://raw.githubusercontent.com/Vidaluxury20/guru-korea-hd-ezformz/main/images/GKR-281.jpg","Retained original","","27","","images/GKR-281.jpg"
"GKR-282","Jeil Lidocaine HCl Hydrate Inj. 2% 20ml /10V","20ml /10V","7.5","","Photo pending","Photo missing","27","",""
"GKR-283","Beracaine Spray 50ml","50ml","9","https://raw.githubusercontent.com/Vidaluxury20/guru-korea-hd-ezformz/main/images/GKR-283.jpg","Retained original","","27","","images/GKR-283.jpg"
"GKR-284","Laennec Injection 10A","2mL*10A","65","https://raw.githubusercontent.com/Vidaluxury20/guru-korea-hd-ezformz/main/images/GKR-284.jpg","Retained original","","27","","images/GKR-284.jpg"
"GKR-285","Laennec Injection 50A","2mL*50A","237.6","https://raw.githubusercontent.com/Vidaluxury20/guru-korea-hd-ezformz/main/images/GKR-285.jpg","Retained original","","27","","images/GKR-285.jpg"
"GKR-286","Rejuve Injection","2ml*50A","155","https://raw.githubusercontent.com/Vidaluxury20/guru-korea-hd-ezformz/main/images/GKR-286.jpg","Retained original","","27","","images/GKR-286.jpg"
"GKR-287","MELSMON Injection","2mL*50A","313.5","https://raw.githubusercontent.com/Vidaluxury20/guru-korea-hd-ezformz/main/images/GKR-287.jpg","HD replacement","","28","https://js-aesthetics.global/shop/melsmon-wholesale/","images/GKR-287.jpg"
"GKR-288","JBP Plamon Inj.","2ml/10A","44","https://raw.githubusercontent.com/Vidaluxury20/guru-korea-hd-ezformz/main/images/GKR-288.jpg","HD replacement","","28","https://timeleaf.co.kr/products/jbp-plamon-inj","images/GKR-288.jpg"
"GKR-289","Melamin Injection","2ml*50A","95","","Photo pending","Photo missing","28","",""
"GKR-290","Placentex Injection","3ml*5A","71","https://raw.githubusercontent.com/Vidaluxury20/guru-korea-hd-ezformz/main/images/GKR-290.jpg","HD replacement","","28","https://timeleaf.co.kr/products/placentex-inj","images/GKR-290.jpg"
"GKR-291","HiDr Injection","3ml*10V","64","https://raw.githubusercontent.com/Vidaluxury20/guru-korea-hd-ezformz/main/images/GKR-291.jpg","Retained original","","28","","images/GKR-291.jpg"
"GKR-292","Glutaone Injection 1200mg","10V","39","https://raw.githubusercontent.com/Vidaluxury20/guru-korea-hd-ezformz/main/images/GKR-292.jpg","HD replacement","","28","https://timeleaf.co.kr/products/glutaone-1200","images/GKR-292.jpg"
"GKR-293","Gluthion Injection 600mg","10V","33","https://raw.githubusercontent.com/Vidaluxury20/guru-korea-hd-ezformz/main/images/GKR-293.jpg","Retained original","","28","","images/GKR-293.jpg"
"GKR-294","Kuhnthione Injection 600mg","10V","32","https://raw.githubusercontent.com/Vidaluxury20/guru-korea-hd-ezformz/main/images/GKR-294.jpg","Retained original","","28","","images/GKR-294.jpg"
"GKR-295","Luthione 1200mg","10v","41.2","https://raw.githubusercontent.com/Vidaluxury20/guru-korea-hd-ezformz/main/images/GKR-295.jpg","HD replacement","","28","https://js-aesthetics.global/shop/glutathione-injection-wholesale/","images/GKR-295.jpg"
"GKR-296","Detoxione Injection 1200mg","10V","41","https://raw.githubusercontent.com/Vidaluxury20/guru-korea-hd-ezformz/main/images/GKR-296.jpg","HD replacement","","28","https://timeleaf.co.kr/products/detoxione-1200","images/GKR-296.jpg"
"GKR-297","Detoxione Injection 600mg","10V","26","","Photo pending","Photo missing","28","",""
"GKR-298","Bione Injection","10V","28","https://raw.githubusercontent.com/Vidaluxury20/guru-korea-hd-ezformz/main/images/GKR-298.jpg","Retained original","","28","","images/GKR-298.jpg"
"GKR-299","Lipotocin Injection","12mL/10A","24.5","https://raw.githubusercontent.com/Vidaluxury20/guru-korea-hd-ezformz/main/images/GKR-299.jpg","Retained original","","28","","images/GKR-299.jpg"
"GKR-300","Chioctocin Injection","5mL/10A","17","https://raw.githubusercontent.com/Vidaluxury20/guru-korea-hd-ezformz/main/images/GKR-300.jpg","Retained original","","28","","images/GKR-300.jpg"
"GKR-301","Cindella Injection","5mL/10A","22","https://raw.githubusercontent.com/Vidaluxury20/guru-korea-hd-ezformz/main/images/GKR-301.jpg","HD replacement","","28","https://timeleaf.co.kr/products/cindella","images/GKR-301.jpg"
"GKR-302","Dermagen Glutathione Film","194.7mg/30 sheets","12.55","https://raw.githubusercontent.com/Vidaluxury20/guru-korea-hd-ezformz/main/images/GKR-302.jpg","Retained original","","28","","images/GKR-302.jpg"
"GKR-303","Glutatine Tablet 100mg","100T","22","https://raw.githubusercontent.com/Vidaluxury20/guru-korea-hd-ezformz/main/images/GKR-303.jpg","Retained original","","29","","images/GKR-303.jpg"
"GKR-304","Multivita Injection","4ml/10V","53","https://raw.githubusercontent.com/Vidaluxury20/guru-korea-hd-ezformz/main/images/GKR-304.jpg","Retained original","","29","","images/GKR-304.jpg"
"GKR-305","GC Multi 5 Injection","10mL*10V","35","https://raw.githubusercontent.com/Vidaluxury20/guru-korea-hd-ezformz/main/images/GKR-305.jpg","Retained original","","29","","images/GKR-305.jpg"
"GKR-306","Multiponent 5 Injection","10mL*10V","35","https://raw.githubusercontent.com/Vidaluxury20/guru-korea-hd-ezformz/main/images/GKR-306.jpg","Retained original","","29","","images/GKR-306.jpg"
"GKR-307","Maxiblue 5 Injection","10mL*10V","32.75","https://raw.githubusercontent.com/Vidaluxury20/guru-korea-hd-ezformz/main/images/GKR-307.jpg","HD replacement","","29","https://timeleaf.co.kr/products/maxiblue-5-inj-10ml-x-10vial","images/GKR-307.jpg"
"GKR-308","Multinew5 injection","10mL*10V","29.5","https://raw.githubusercontent.com/Vidaluxury20/guru-korea-hd-ezformz/main/images/GKR-308.jpg","Retained original","","29","","images/GKR-308.jpg"
"GKR-309","Multipotent 9 inj.","10mL*10V","73.8","https://raw.githubusercontent.com/Vidaluxury20/guru-korea-hd-ezformz/main/images/GKR-309.jpg","Retained original","","29","","images/GKR-309.jpg"
"GKR-310","Vita-D Injection 200,000 IU","1mL*10A","31.9","https://raw.githubusercontent.com/Vidaluxury20/guru-korea-hd-ezformz/main/images/GKR-310.jpg","HD replacement","","29","https://timeleaf.co.kr/products/vita-d-inj","images/GKR-310.jpg"
"GKR-311","Vita-D Injection 300,000 IU","1.5mL*10A","37.85","https://raw.githubusercontent.com/Vidaluxury20/guru-korea-hd-ezformz/main/images/GKR-311.jpg","HD replacement","","29","https://timeleaf.co.kr/products/vita-d-inj-1-5ml-x-10amp","images/GKR-311.jpg"
"GKR-312","Vita-D Bone Injection","5mg/1mL*10A","35","https://raw.githubusercontent.com/Vidaluxury20/guru-korea-hd-ezformz/main/images/GKR-312.jpg","Retained original","","29","","images/GKR-312.jpg"
"GKR-313","VITAMIN C Injection","20mL*10V","21.75","https://raw.githubusercontent.com/Vidaluxury20/guru-korea-hd-ezformz/main/images/GKR-313.jpg","Retained original","","29","","images/GKR-313.jpg"
"GKR-314","Ascorbic Injection","20mL*10V","25","https://raw.githubusercontent.com/Vidaluxury20/guru-korea-hd-ezformz/main/images/GKR-314.jpg","Retained original","","29","","images/GKR-314.jpg"
"GKR-315","Ascorbic Acid Injection Huons","2mL*50A","22","https://raw.githubusercontent.com/Vidaluxury20/guru-korea-hd-ezformz/main/images/GKR-315.jpg","Retained original","","29","","images/GKR-315.jpg"
"GKR-316","Acogen Injection (Vitaminc C)","20mL*10V","21","https://raw.githubusercontent.com/Vidaluxury20/guru-korea-hd-ezformz/main/images/GKR-316.jpg","Retained original","","29","","images/GKR-316.jpg"
"GKR-317","Hycobal Injection","2mL*50A","44","https://raw.githubusercontent.com/Vidaluxury20/guru-korea-hd-ezformz/main/images/GKR-317.jpg","Retained original","","30","","images/GKR-317.jpg"
"GKR-318","Jeil High B12 Inj.","10ml/10A","18","","Photo pending","Photo missing","30","",""
"GKR-319","Selenewone Injection","10ml*10v","45","https://raw.githubusercontent.com/Vidaluxury20/guru-korea-hd-ezformz/main/images/GKR-319.jpg","Retained original","","30","","images/GKR-319.jpg"
"GKR-320","Zinga Injection","10mL*10V","26.1","https://raw.githubusercontent.com/Vidaluxury20/guru-korea-hd-ezformz/main/images/GKR-320.jpg","Retained original","","30","","images/GKR-320.jpg"
"GKR-321","GC Zinc Injection","10ml / 10v","43","https://raw.githubusercontent.com/Vidaluxury20/guru-korea-hd-ezformz/main/images/GKR-321.jpg","Retained original","","30","","images/GKR-321.jpg"
"GKR-322","Benfos Tab.","30T","13","https://raw.githubusercontent.com/Vidaluxury20/guru-korea-hd-ezformz/main/images/GKR-322.jpg","Retained original","Repeated name and pack size in source","30","","images/GKR-322.jpg"
"GKR-323","Newfopam inj.","2ml*10A","9.65","https://raw.githubusercontent.com/Vidaluxury20/guru-korea-hd-ezformz/main/images/GKR-323.jpg","Retained original","","31","","images/GKR-323.jpg"
"GKR-324","Gitaco Injection","5mL*20A","23","https://raw.githubusercontent.com/Vidaluxury20/guru-korea-hd-ezformz/main/images/GKR-324.jpg","Retained original","","31","","images/GKR-324.jpg"
"GKR-325","Ginkobal inj. 5ml/20A","5ml/20A","21","https://raw.githubusercontent.com/Vidaluxury20/guru-korea-hd-ezformz/main/images/GKR-325.jpg","Retained original","","31","","images/GKR-325.jpg"
"GKR-326","ATP-S Injection","2mL x 50A","60","https://raw.githubusercontent.com/Vidaluxury20/guru-korea-hd-ezformz/main/images/GKR-326.jpg","Retained original","","31","","images/GKR-326.jpg"
"GKR-327","Acepain Injection","100mL ea 1box / 20 units","53","https://raw.githubusercontent.com/Vidaluxury20/guru-korea-hd-ezformz/main/images/GKR-327.jpg","Retained original","","31","","images/GKR-327.jpg"
"GKR-328","Magnesium Chloride Injection 1mg/10mL 10A","1mg/10mL","28","https://raw.githubusercontent.com/Vidaluxury20/guru-korea-hd-ezformz/main/images/GKR-328.jpg","Retained original","","31","","images/GKR-328.jpg"
"GKR-329","Curenex Snow Peel","Activator: 30ml (1v) powder: 1g (4v)","65","https://raw.githubusercontent.com/Vidaluxury20/guru-korea-hd-ezformz/main/images/GKR-329.jpg","HD replacement","","31","https://timeleaf.co.kr/products/curenex-snow-peel-1","images/GKR-329.jpg"
"GKR-330","Soonsu Shining Peel Therapy","6ml*5v","94","https://raw.githubusercontent.com/Vidaluxury20/guru-korea-hd-ezformz/main/images/GKR-330.jpg","HD replacement","","31","https://timeleaf.co.kr/products/soonsu-shining-peel","images/GKR-330.jpg"
"GKR-331","Ferinject 2mL/1V","2mL/1V","14","","Photo pending","Photo missing","31","",""
"GKR-332","Doxy Tablet","300T","36.8","https://raw.githubusercontent.com/Vidaluxury20/guru-korea-hd-ezformz/main/images/GKR-332.jpg","Retained original","","31","","images/GKR-332.jpg"
"GKR-333","Finasteride tab.","30T","7.6","","Photo pending","Photo missing","32","",""
"GKR-334","Harnal D Tablet 0.2mg","140T","76","https://raw.githubusercontent.com/Vidaluxury20/guru-korea-hd-ezformz/main/images/GKR-334.jpg","Retained original","","32","","images/GKR-334.jpg"
"GKR-335","Synthyroid Tab. 0.075mg","100T","8.95","https://raw.githubusercontent.com/Vidaluxury20/guru-korea-hd-ezformz/main/images/GKR-335.jpg","Retained original","","32","","images/GKR-335.jpg"
"GKR-336","Yuhan Metformin Tablets 750 mg 300T","300T","33","","Photo pending","Photo missing","32","",""
"GKR-337","Benfos Tab.","30T","13","https://raw.githubusercontent.com/Vidaluxury20/guru-korea-hd-ezformz/main/images/GKR-337.jpg","Retained original","Repeated name and pack size in source","32","","images/GKR-337.jpg"
"GKR-338","BENFOTA Tablet","60T","17","https://raw.githubusercontent.com/Vidaluxury20/guru-korea-hd-ezformz/main/images/GKR-338.jpg","Retained original","","32","","images/GKR-338.jpg"
"GKR-339","GC Arginine injection","10mL*10V","90","https://raw.githubusercontent.com/Vidaluxury20/guru-korea-hd-ezformz/main/images/GKR-339.jpg","Retained original","","32","","images/GKR-339.jpg"
"GKR-340","GC Arginine injection","25mL*10V","167","https://raw.githubusercontent.com/Vidaluxury20/guru-korea-hd-ezformz/main/images/GKR-340.jpg","Retained original","","32","","images/GKR-340.jpg"
"GKR-341","L-Arginex","10V","58.8","","Photo pending","Photo missing","32","",""
"GKR-342","CARTINE Injection","5mL*10A","20","https://raw.githubusercontent.com/Vidaluxury20/guru-korea-hd-ezformz/main/images/GKR-342.jpg","Retained original","","32","","images/GKR-342.jpg"
"GKR-343","Mesocatin","10ml/ 10A","25","https://raw.githubusercontent.com/Vidaluxury20/guru-korea-hd-ezformz/main/images/GKR-343.jpg","Retained original","","32","","images/GKR-343.jpg"
"GKR-344","V-Three injection","10v","225","","Photo pending","Photo missing","32","",""
"GKR-345","Triamcinolone Injection 40mg Dongkwang","30V","24","https://raw.githubusercontent.com/Vidaluxury20/guru-korea-hd-ezformz/main/images/GKR-345.jpg","Retained original","","32","","images/GKR-345.jpg"
"GKR-346","Calcium Gluconate Inj. Daihan","20ml/ 50A","29","https://raw.githubusercontent.com/Vidaluxury20/guru-korea-hd-ezformz/main/images/GKR-346.jpg","Retained original","","33","","images/GKR-346.jpg"
"GKR-347","Tranexamic Acid Inj. 500mg","5mg/ 50 A","29","https://raw.githubusercontent.com/Vidaluxury20/guru-korea-hd-ezformz/main/images/GKR-347.jpg","Retained original","","33","","images/GKR-347.jpg"
"GKR-348","Trengamin Injection 250mg","5mg/ 50v","28","","Photo pending","Photo missing","33","",""
"GKR-349","Trengamin Injection 500mg","5mg/ 10v","8.9","","Photo pending","Photo missing","33","",""
"GKR-350","Alfocholine inj.","4ml/ 10v","47.3","","Photo pending","Photo missing","33","",""
"GKR-351","Revitalex","3mL/10V","90","https://raw.githubusercontent.com/Vidaluxury20/guru-korea-hd-ezformz/main/images/GKR-351.jpg","Retained original","","33","","images/GKR-351.jpg"
"GKR-352","Cenvido Injection","4ml/ 1v","86","https://raw.githubusercontent.com/Vidaluxury20/guru-korea-hd-ezformz/main/images/GKR-352.jpg","Retained original","","33","","images/GKR-352.jpg"
"GKR-353","Hishiphagen-C Injection","20mL x 50A","170","https://raw.githubusercontent.com/Vidaluxury20/guru-korea-hd-ezformz/main/images/GKR-353.jpg","Retained original","","33","","images/GKR-353.jpg"
"GKR-354","Aragan","25mg/2.5mL","29","https://raw.githubusercontent.com/Vidaluxury20/guru-korea-hd-ezformz/main/images/GKR-354.jpg","Retained original","","33","","images/GKR-354.jpg"
"GKR-355","Fursultamine Inj 10A","50mg/10mL/ 10A","25","https://raw.githubusercontent.com/Vidaluxury20/guru-korea-hd-ezformz/main/images/GKR-355.jpg","Retained original","","33","","images/GKR-355.jpg"
"GKR-356","Fursultamine Inj 50A","50mg/10mL/ 50A","124","https://raw.githubusercontent.com/Vidaluxury20/guru-korea-hd-ezformz/main/images/GKR-356.jpg","Retained original","","33","","images/GKR-356.jpg"
"GKR-357","Thymosin Injection","1mL × 2V","31","https://raw.githubusercontent.com/Vidaluxury20/guru-korea-hd-ezformz/main/images/GKR-357.jpg","Retained original","","33","","images/GKR-357.jpg"
"GKR-358","Vitamo inj.","2mL/50A","75","https://raw.githubusercontent.com/Vidaluxury20/guru-korea-hd-ezformz/main/images/GKR-358.jpg","HD replacement","","33","https://timeleaf.co.kr/products/vitamo-inj","images/GKR-358.jpg"
"GKR-359","Dexamethasone Sodium Phosphate Injection","1ml/ 50A","14.5","https://raw.githubusercontent.com/Vidaluxury20/guru-korea-hd-ezformz/main/images/GKR-359.jpg","Retained original","","34","","images/GKR-359.jpg"
"GKR-360","Rejumate injector","Compo Rejumate main ejumate large-cap charging cable 1 MOQ 3","649.9","https://raw.githubusercontent.com/Vidaluxury20/guru-korea-hd-ezformz/main/images/GKR-360.jpg","Retained original","","34","","images/GKR-360.jpg"
"GKR-361","Rejuran Rejumate","0.8mm","137","https://raw.githubusercontent.com/Vidaluxury20/guru-korea-hd-ezformz/main/images/GKR-361.jpg","Retained original","","34","","images/GKR-361.jpg"
"GKR-362","Mohealer Shampoo","500ml","13","https://raw.githubusercontent.com/Vidaluxury20/guru-korea-hd-ezformz/main/images/GKR-362.jpg","Retained original","","35","","images/GKR-362.jpg"
"GKR-363","Mohealer Tonic","140ml","13.25","","Photo pending","Photo missing","35","",""
"GKR-364","Dermagen Trimo90 Shampoo","500ml","12","https://raw.githubusercontent.com/Vidaluxury20/guru-korea-hd-ezformz/main/images/GKR-364.jpg","Retained original","","35","","images/GKR-364.jpg"
"GKR-365","Dermagen Trimo90 Tonic","120ml","13","https://raw.githubusercontent.com/Vidaluxury20/guru-korea-hd-ezformz/main/images/GKR-365.jpg","Retained original","","35","https://dermagen.kr/product/dermagen-trimo-90-tonic-120ml/72/category/23/display/1/","images/GKR-365.jpg"
"GKR-366","MANY SHOOT +","50ml","23","https://raw.githubusercontent.com/Vidaluxury20/guru-korea-hd-ezformz/main/images/GKR-366.jpg","Retained original","","35","","images/GKR-366.jpg"
"GKR-367","Hanheal hair filler","10v / 5ml","135","https://raw.githubusercontent.com/Vidaluxury20/guru-korea-hd-ezformz/main/images/GKR-367.jpg","Retained original","","35","","images/GKR-367.jpg"
"GKR-368","CellExosome Black Label Hair","[Exosome] 200mg x 1 vial [Solution] 6mL x 1 vial","45.8","","Photo pending","Photo missing; Repeated name and pack size in source","35","",""
"GKR-369","GFC Cell Exo Scalp","5v / 5v (Powder / Solution)","130","https://raw.githubusercontent.com/Vidaluxury20/guru-korea-hd-ezformz/main/images/GKR-369.jpg","Retained original","Repeated name and pack size in source","35","","images/GKR-369.jpg"
"GKR-370","Exo Healer P198 Filcore - HB PLUS","2ml x5v","249","https://raw.githubusercontent.com/Vidaluxury20/guru-korea-hd-ezformz/main/images/GKR-370.jpg","Retained original","Repeated name and pack size in source","35","","images/GKR-370.jpg"
"GKR-371","Exo Healer P198 Filcore - HB program","2ml + 5ml (5pairs)","299","https://raw.githubusercontent.com/Vidaluxury20/guru-korea-hd-ezformz/main/images/GKR-371.jpg","Retained original","Repeated name and pack size in source","35","","images/GKR-371.jpg"
"GKR-372","Dermagen Wellspot (Hydrocolloid)","20pc*3","4","https://raw.githubusercontent.com/Vidaluxury20/guru-korea-hd-ezformz/main/images/GKR-372.jpg","HD replacement","","35","https://dermagen.kr/product/dermagen-wellspot/33/category/23/display/1/","images/GKR-372.jpg"
"GKR-373","Dermagen Acssak Acne Clear Facial Foam 180ml","180mL","9","https://raw.githubusercontent.com/Vidaluxury20/guru-korea-hd-ezformz/main/images/GKR-373.jpg","Retained original","","35","","images/GKR-373.jpg"
"GKR-374","Dermagen Acssak Acne Clear Facial Foam 120ml","120mL","8","https://raw.githubusercontent.com/Vidaluxury20/guru-korea-hd-ezformz/main/images/GKR-374.jpg","HD replacement","","36","https://dermagen.kr/product/dermagen-acssak-acne-clear-facial-foam-120ml/74/category/23/display/1/","images/GKR-374.jpg"
"GKR-375","Curenex Hydrating Cleanser foam 150ml","150ml","11.8","","Photo pending","Photo missing","36","",""
"GKR-376","Rapporapy Lunatox","50gr","10","https://raw.githubusercontent.com/Vidaluxury20/guru-korea-hd-ezformz/main/images/GKR-376.jpg","HD replacement","","36","https://dermagen.kr/product/rapporapy-lunatox-50g/69/category/23/display/1/","images/GKR-376.jpg"
"GKR-377","Rapporapy Centellase Ointment","50g","10","https://raw.githubusercontent.com/Vidaluxury20/guru-korea-hd-ezformz/main/images/GKR-377.jpg","Retained original","","36","","images/GKR-377.jpg"
"GKR-378","Curenex Exo Brightening Cream 50ml","50ml","13.25","","Photo pending","Photo missing","36","",""
"GKR-379","Dermagen Plus Cellsia Cream 35g","35gr","7.1","https://raw.githubusercontent.com/Vidaluxury20/guru-korea-hd-ezformz/main/images/GKR-379.jpg","Retained original","","36","","images/GKR-379.jpg"
"GKR-380","Dermagen Plus Cellsia Cream 60g","60gr","10.1","https://raw.githubusercontent.com/Vidaluxury20/guru-korea-hd-ezformz/main/images/GKR-380.jpg","Retained original","","36","","images/GKR-380.jpg"
"GKR-381","Dermagen Plus Cellsia Cream 500g","500gr","29.3","https://raw.githubusercontent.com/Vidaluxury20/guru-korea-hd-ezformz/main/images/GKR-381.jpg","Retained original","","36","","images/GKR-381.jpg"
"GKR-382","Dermagen Egensia Cream 7g","7g","4","https://raw.githubusercontent.com/Vidaluxury20/guru-korea-hd-ezformz/main/images/GKR-382.jpg","Retained original","","36","","images/GKR-382.jpg"
"GKR-383","Dermagen Egensia Cream 50g","50g","7.8","https://raw.githubusercontent.com/Vidaluxury20/guru-korea-hd-ezformz/main/images/GKR-383.jpg","Retained original","","36","","images/GKR-383.jpg"
"GKR-384","Dermagen Urea Cream 100g","100g","5","https://raw.githubusercontent.com/Vidaluxury20/guru-korea-hd-ezformz/main/images/GKR-384.jpg","Retained original","","36","","images/GKR-384.jpg"
"GKR-385","Dermagen Urea Cream 180g","180g","9","https://raw.githubusercontent.com/Vidaluxury20/guru-korea-hd-ezformz/main/images/GKR-385.jpg","Retained original","","36","","images/GKR-385.jpg"
"GKR-386","Dermagen RM Repair Cream 200g","200gr","8","https://raw.githubusercontent.com/Vidaluxury20/guru-korea-hd-ezformz/main/images/GKR-386.jpg","Retained original","","36","","images/GKR-386.jpg"
"GKR-387","Dermagen RM Repair Cream 120g","120gr","7.1","https://raw.githubusercontent.com/Vidaluxury20/guru-korea-hd-ezformz/main/images/GKR-387.jpg","Retained original","","36","","images/GKR-387.jpg"
"GKR-388","Dermagen RM Repair Essence","200ml","11.3","","Photo pending","Photo missing","36","https://dermagen.kr/product/dermagen-rm-repair-essence-200ml/130/category/23/display/1/",""
"GKR-389","Rapporapy CINDELRIA Tone Up Sun Cream","40mL","6","https://raw.githubusercontent.com/Vidaluxury20/guru-korea-hd-ezformz/main/images/GKR-389.jpg","HD replacement","","37","https://dermagen.kr/product/rapporapy-cindelria-tone-up-sun-cream-40ml/67/category/23/display/1/","images/GKR-389.jpg"
"GKR-390","Dermagen White Sun Cream","50g","8","https://raw.githubusercontent.com/Vidaluxury20/guru-korea-hd-ezformz/main/images/GKR-390.jpg","Retained original","","37","","images/GKR-390.jpg"
"GKR-391","Curenex Daily Sheer Sunscreen","50g","13.25","","Photo pending","Photo missing","37","",""
"GKR-392","BCA Bichaeahn Poretoning","80g","10","","Photo pending","Photo missing","37","",""
"GKR-393","Dermagen Soothing Mask","23g 1ea","1.5","https://raw.githubusercontent.com/Vidaluxury20/guru-korea-hd-ezformz/main/images/GKR-393.jpg","Retained original","","37","","images/GKR-393.jpg"
"GKR-394","Dermagen Soothing Mask (10 units pack)","23g*10 pack","4.4","https://raw.githubusercontent.com/Vidaluxury20/guru-korea-hd-ezformz/main/images/GKR-394.jpg","Retained original","","37","","images/GKR-394.jpg"
"GKR-395","CURENEX REJUVENATING MASK PACK","1box/ 5sheets 25g","7.3","https://raw.githubusercontent.com/Vidaluxury20/guru-korea-hd-ezformz/main/images/GKR-395.jpg","Retained original","","37","","images/GKR-395.jpg"
"GKR-396","Misadi Co2 Therapy Mask","5 syringes 5 sheets 1 cream.","19.65","","Photo pending","Photo missing","37","",""
"GKR-397","Elaxen PLLA Mask kit","PLLA Ampoule Essence: 3v/ 15ml. PLLA Mist Spray: 1v/ 50ml Sheet Masks: 10pcs Applicator Brush: 1 unit","57","https://raw.githubusercontent.com/Vidaluxury20/guru-korea-hd-ezformz/main/images/GKR-397.jpg","Retained original","","37","","images/GKR-397.jpg"
"GKR-398","Klargen soIn (Spray type)","50mL","7.25","https://raw.githubusercontent.com/Vidaluxury20/guru-korea-hd-ezformz/main/images/GKR-398.jpg","HD replacement","","37","https://timeleaf.co.kr/products/klargen-soln-50ml","images/GKR-398.jpg"
"GKR-399","Klargen LactoBath Inner Cleanser","300mL","7.95","https://raw.githubusercontent.com/Vidaluxury20/guru-korea-hd-ezformz/main/images/GKR-399.jpg","HD replacement","","38","https://timeleaf.co.kr/products/lactobath-inner-cleanser-300ml","images/GKR-399.jpg"
"GKR-400","ExoNature Inner Gel","2.5ml*2ea 4sets","59","","Photo pending","Photo missing","38","",""
"GKR-401","Dermagen Rapporapy Cicarown Cream","50g","7.65","https://raw.githubusercontent.com/Vidaluxury20/guru-korea-hd-ezformz/main/images/GKR-401.jpg","Retained original","","38","","images/GKR-401.jpg"
"GKR-402","Dermagen Scargel","15g","10","https://raw.githubusercontent.com/Vidaluxury20/guru-korea-hd-ezformz/main/images/GKR-402.jpg","HD replacement","","38","https://timeleaf.co.kr/products/scargel-15g","images/GKR-402.jpg"
"GKR-403","Bepanthen Ointment 30g","30g","13.5","","Photo pending","Photo missing","38","",""
"GKR-404","Bentpla gel","15g","6.5","","Photo pending","Photo missing","38","",""
"GKR-405","Acnon cream 13g","13g","10.2","https://raw.githubusercontent.com/Vidaluxury20/guru-korea-hd-ezformz/main/images/GKR-405.jpg","Retained original","","38","","images/GKR-405.jpg"
"GKR-406","Two&T Cream 20g","20g","23.9","https://raw.githubusercontent.com/Vidaluxury20/guru-korea-hd-ezformz/main/images/GKR-406.jpg","Retained original","","38","","images/GKR-406.jpg"
"GKR-407","Melanone Cream 10g","10g","13.85","","Photo pending","Photo missing","38","",""
"GKR-408","Dermagen EZCERA CREAM","200mg","10","https://raw.githubusercontent.com/Vidaluxury20/guru-korea-hd-ezformz/main/images/GKR-408.jpg","Retained original","","38","","images/GKR-408.jpg"
"GKR-409","Dermagen Dr Picos Egencia cream 60g","60g","9.85","","Photo pending","Photo missing","39","",""
"GKR-410","Dermagen Dr.Picos RMV Repair cream 200g","200g","9.95","https://raw.githubusercontent.com/Vidaluxury20/guru-korea-hd-ezformz/main/images/GKR-410.jpg","Retained original","","39","","images/GKR-410.jpg"
"GKR-411","Dermagen Dr.Picos Ureanol Cream 200g","200g","9.5","https://raw.githubusercontent.com/Vidaluxury20/guru-korea-hd-ezformz/main/images/GKR-411.jpg","Retained original","","39","","images/GKR-411.jpg"
"GKR-412","Curenex Rejuvenating Cream","120ml","13","","Photo pending","Photo missing","39","",""
"GKR-413","CURENEX Dailycare Skinbooster PDRN 30 ml","30 ml","10.55","https://raw.githubusercontent.com/Vidaluxury20/guru-korea-hd-ezformz/main/images/GKR-413.jpg","Retained original","","39","","images/GKR-413.jpg"
"GKR-414","Puri Lips Balm","8.5g","19.35","","Photo pending","Photo missing; Repeated name and pack size in source","39","",""
"GKR-415","AETER Puri Eyes PDRN Patch","90g / 3.17 Oz 60 PAIRS","19.95","https://raw.githubusercontent.com/Vidaluxury20/guru-korea-hd-ezformz/main/images/GKR-415.jpg","HD replacement","","39","https://js-aesthetics.global/shop/puri-eyes-patches-pdrn/","images/GKR-415.jpg"
"GKR-416","Dermaline Deep clean Moisture Foam Cleanser","150g","13","https://raw.githubusercontent.com/Vidaluxury20/guru-korea-hd-ezformz/main/images/GKR-416.jpg","HD replacement","","40","https://en.dermaline.co.kr/product/deep-clean-moisture-foam-150g/22/category/103/display/1/","images/GKR-416.jpg"
"GKR-417","Dermaline Enzyme Grain Bubble Cleanser","160g","13.5","https://raw.githubusercontent.com/Vidaluxury20/guru-korea-hd-ezformz/main/images/GKR-417.jpg","HD replacement","","40","https://en.dermaline.co.kr/product/enzyme-grain-bubble-cleanser-160ml/94/category/103/display/1/","images/GKR-417.jpg"
"GKR-418","Dermaline PDRN Solution Activing Toner","200ml","18.8","https://raw.githubusercontent.com/Vidaluxury20/guru-korea-hd-ezformz/main/images/GKR-418.jpg","HD replacement","","40","https://www.dermaline.kr/default/product/product1.php?com_board_basic=read_form&com_board_idx=54&&com_board_search_code=&com_board_search_value1=&com_board_search_value2=&com_board_page=&&com_board_id=17&&com_board_id=17","images/GKR-418.jpg"
"GKR-419","Dermaline PDRN Activating Emusion","200ml","18.8","https://raw.githubusercontent.com/Vidaluxury20/guru-korea-hd-ezformz/main/images/GKR-419.jpg","HD replacement","","40","https://en.dermaline.co.kr/product/pdrn-solution-activating-emulsion-200ml/32/category/103/display/1/","images/GKR-419.jpg"
"GKR-420","Dermaline PDRN Solution Salmon Ampoule","35ml","22","https://raw.githubusercontent.com/Vidaluxury20/guru-korea-hd-ezformz/main/images/GKR-420.jpg","HD replacement","","40","https://www.dermaline.kr/default/product/product1.php?com_board_basic=read_form&com_board_idx=52&&com_board_search_code=&com_board_search_value1=&com_board_search_value2=&com_board_page=&&com_board_id=17&&com_board_id=17","images/GKR-420.jpg"
"GKR-421","Dermaline Bio actiavating PDRN Ampoule","75ml","17","https://raw.githubusercontent.com/Vidaluxury20/guru-korea-hd-ezformz/main/images/GKR-421.jpg","HD replacement","","40","https://en.dermaline.co.kr/product/bio-activing-pdrn-ampoule-75ml/36/category/103/display/1/","images/GKR-421.jpg"
"GKR-422","Dermaline Bio Activing PDRN Cream","100g","26","","Photo pending","Photo missing","40","",""
"GKR-423","Dermaline Bio Activing PDRN Eye Cream","30g","24.45","","Photo pending","Photo missing","40","",""
"GKR-424","Dermaline Bio Activing PDRN Eye Patch","1.4g*60e","25","","Photo pending","Photo missing","40","",""
"GKR-425","Dermaline Hydro Refresh Toner 200ml","200ml","18","https://raw.githubusercontent.com/Vidaluxury20/guru-korea-hd-ezformz/main/images/GKR-425.jpg","HD replacement","","40","https://en.dermaline.co.kr/product/hydro-refresh-toner-200ml/24/category/103/display/1/","images/GKR-425.jpg"
"GKR-426","Dermaline Hydro Refresh Emulsion","200ml","19.5","https://raw.githubusercontent.com/Vidaluxury20/guru-korea-hd-ezformz/main/images/GKR-426.jpg","HD replacement","","41","https://www.dermaline.kr/default/product/product1.php?com_board_basic=read_form&com_board_idx=41&&com_board_search_code=&com_board_search_value1=&com_board_search_value2=&com_board_page=&&com_board_id=17&&com_board_id=17","images/GKR-426.jpg"
"GKR-427","Dermaline Hydro Refresh Ampoule","75ml","18.8","https://raw.githubusercontent.com/Vidaluxury20/guru-korea-hd-ezformz/main/images/GKR-427.jpg","HD replacement","","41","https://en.dermaline.co.kr/product/bio-hydro-refresh-ampoule-75ml/567/category/103/display/1/","images/GKR-427.jpg"
"GKR-428","Dermaline Hydro Refresh Cream","100g","22","https://raw.githubusercontent.com/Vidaluxury20/guru-korea-hd-ezformz/main/images/GKR-428.jpg","HD replacement","","41","https://en.dermaline.co.kr/product/hydro-refresh-moisturizing-cream-100g/44/category/103/display/1/","images/GKR-428.jpg"
"GKR-429","D'LEXO Cica Exo Comforting Toner","200ml","20.45","https://raw.githubusercontent.com/Vidaluxury20/guru-korea-hd-ezformz/main/images/GKR-429.jpg","HD replacement","","41","https://www.dermaline.kr/default/product/product1.php?com_board_basic=read_form&com_board_idx=62&&com_board_search_code=&com_board_search_value1=&com_board_search_value2=&com_board_page=&&com_board_id=17&&com_board_id=17","images/GKR-429.jpg"
"GKR-430","D'LEXO Cica Exo Comforting Emulsion","200ml","20.45","https://raw.githubusercontent.com/Vidaluxury20/guru-korea-hd-ezformz/main/images/GKR-430.jpg","HD replacement","","41","https://www.dermaline.kr/default/product/product1.php?com_board_basic=read_form&com_board_idx=63&&com_board_search_code=&com_board_search_value1=&com_board_search_value2=&com_board_page=&&com_board_id=17&&com_board_id=17","images/GKR-430.jpg"
"GKR-431","D'LEXO CicaExo Solution Ampoule","35ml","22","https://raw.githubusercontent.com/Vidaluxury20/guru-korea-hd-ezformz/main/images/GKR-431.jpg","HD replacement","","41","https://en.dermaline.co.kr/product/dlexo-cica-exo-solution-ampoule-35ml/533/category/103/display/1/","images/GKR-431.jpg"
"GKR-432","D'LEXO Cica Exo Comforting Cream","100g","27","https://raw.githubusercontent.com/Vidaluxury20/guru-korea-hd-ezformz/main/images/GKR-432.jpg","HD replacement","","41","https://www.dermaline.kr/default/product/product1.php?com_board_basic=read_form&com_board_idx=65&&com_board_search_code=&com_board_search_value1=&com_board_search_value2=&com_board_page=&&com_board_id=17&&com_board_id=17","images/GKR-432.jpg"
"GKR-433","D'LEXO Glutathione Toning Solution Ampoule","35ml","21.65","https://raw.githubusercontent.com/Vidaluxury20/guru-korea-hd-ezformz/main/images/GKR-433.jpg","HD replacement","","42","https://www.dermaline.kr/default/product/product1.php?com_board_basic=read_form&com_board_idx=68&&com_board_search_code=&com_board_search_value1=&com_board_search_value2=&com_board_page=&&com_board_id=17&&com_board_id=17","images/GKR-433.jpg"
"GKR-434","D'LEXO Milk Exosome Solution Ampoule","35ml","21.65","https://raw.githubusercontent.com/Vidaluxury20/guru-korea-hd-ezformz/main/images/GKR-434.jpg","HD replacement","","42","https://www.dermaline.kr/default/product/product1.php?com_board_basic=read_form&com_board_idx=69&&com_board_search_code=&com_board_search_value1=&com_board_search_value2=&com_board_page=&&com_board_id=17&&com_board_id=17","images/GKR-434.jpg"
"GKR-435","D’LEXO Peptide Complex Solution Ampoule","35ml","21.65","https://raw.githubusercontent.com/Vidaluxury20/guru-korea-hd-ezformz/main/images/GKR-435.jpg","HD replacement","","42","https://www.dermaline.kr/default/product/product1.php?com_board_basic=read_form&com_board_idx=70&&com_board_search_code=&com_board_search_value1=&com_board_search_value2=&com_board_page=&&com_board_id=17&&com_board_id=17","images/GKR-435.jpg"
"GKR-436","D'LEXO Bakuchiol Firming Solution Ampoule","35ml","21.65","https://raw.githubusercontent.com/Vidaluxury20/guru-korea-hd-ezformz/main/images/GKR-436.jpg","HD replacement","","42","https://www.dermaline.kr/default/product/product1.php?com_board_basic=read_form&com_board_idx=71&&com_board_search_code=&com_board_search_value1=&com_board_search_value2=&com_board_page=&&com_board_id=17&&com_board_id=17","images/GKR-436.jpg"
"GKR-437","D'LEXO Aqua Vita Solution Toner","200ml","20.45","https://raw.githubusercontent.com/Vidaluxury20/guru-korea-hd-ezformz/main/images/GKR-437.jpg","HD replacement","","42","https://www.dermaline.kr/default/product/product1.php?com_board_basic=read_form&com_board_idx=66&&com_board_search_code=&com_board_search_value1=&com_board_search_value2=&com_board_page=&&com_board_id=17&&com_board_id=17","images/GKR-437.jpg"
"GKR-438","D'LEXO Aqua Vita Solution Ampoule","35ml","22.85","https://raw.githubusercontent.com/Vidaluxury20/guru-korea-hd-ezformz/main/images/GKR-438.jpg","HD replacement","","42","https://www.dermaline.kr/default/product/product1.php?com_board_basic=read_form&com_board_idx=61&&com_board_search_code=&com_board_search_value1=&com_board_search_value2=&com_board_page=&&com_board_id=17&&com_board_id=17","images/GKR-438.jpg"
"GKR-439","D'LEXO Aqua Vita Solution Cream","100g","29","https://raw.githubusercontent.com/Vidaluxury20/guru-korea-hd-ezformz/main/images/GKR-439.jpg","HD replacement","","42","https://www.dermaline.kr/default/product/product1.php?com_board_basic=read_form&com_board_idx=67&&com_board_search_code=&com_board_search_value1=&com_board_search_value2=&com_board_page=&&com_board_id=17&&com_board_id=17","images/GKR-439.jpg"
"GKR-440","Dermaline Normalizing Relief Gel","60ml","14.2","","Photo pending","Photo missing","42","",""
"GKR-441","Dermaline Normalizing Relief Lotion","60ml","14.2","","Photo pending","Photo missing","42","https://en.dermaline.co.kr/product/normalizing-relief-lotion60ml/551/category/103/display/1/",""
"GKR-442","Dermaline Hydrating Moisture Dew","150g","18.85","https://raw.githubusercontent.com/Vidaluxury20/guru-korea-hd-ezformz/main/images/GKR-442.jpg","HD replacement","","42","https://en.dermaline.co.kr/product/hydrating-moisture-dew-150-ml/29/category/103/display/1/","images/GKR-442.jpg"
"GKR-443","Dermaline Bio Cell Boosting Ampoule","75ml","19.85","https://raw.githubusercontent.com/Vidaluxury20/guru-korea-hd-ezformz/main/images/GKR-443.jpg","HD replacement","","43","https://en.dermaline.co.kr/product/bio-cell-boosting-ampoule-75ml/33/category/103/display/1/","images/GKR-443.jpg"
"GKR-444","Dermline Bio Moisture Rose Ampoule","75ml","18.85","","Photo pending","Photo missing","43","",""
"GKR-445","Dermaline Bio Hydro Caviar Ampoule","75ml","24","https://raw.githubusercontent.com/Vidaluxury20/guru-korea-hd-ezformz/main/images/GKR-445.jpg","HD replacement","","43","https://en.dermaline.co.kr/product/bio-hydro-caviar-ampoule-75ml/35/category/103/display/1/","images/GKR-445.jpg"
"GKR-446","Dermaline Always Bright Whitening Cream","50ml","23","https://raw.githubusercontent.com/Vidaluxury20/guru-korea-hd-ezformz/main/images/GKR-446.jpg","HD replacement","","43","https://en.dermaline.co.kr/product/always-bright-whitening-cream-50g/43/category/103/display/1/","images/GKR-446.jpg"
"GKR-447","D'LEXO EXO PDRN Mask","28g*10ea","24","https://raw.githubusercontent.com/Vidaluxury20/guru-korea-hd-ezformz/main/images/GKR-447.jpg","HD replacement","","43","https://en.dermaline.co.kr/product/exo-pdrn-mask-28g-10-sheets/559/category/103/display/1/","images/GKR-447.jpg"
"GKR-448","Dermaline Hydro Soothing & Calming Mask Pack","32g*10ea","24","https://raw.githubusercontent.com/Vidaluxury20/guru-korea-hd-ezformz/main/images/GKR-448.jpg","HD replacement","","43","https://en.dermaline.co.kr/product/hydro-soothing-and-calming-mask-pack-set-10-sheets/541/category/103/display/1/","images/GKR-448.jpg"
"GKR-449","Dermaline Whitening Rejuvenating Mask","32g*5ea","14.7","https://raw.githubusercontent.com/Vidaluxury20/guru-korea-hd-ezformz/main/images/GKR-449.jpg","HD replacement","","43","https://en.dermaline.co.kr/product/whitening-rejuvenating-mask-32g/49/category/103/display/1/","images/GKR-449.jpg"
"GKR-450","Dermaline Hydro Soothing and Fresh Acne Mask","32g*10ea","24.3","https://raw.githubusercontent.com/Vidaluxury20/guru-korea-hd-ezformz/main/images/GKR-450.jpg","Retained original","","43","","images/GKR-450.jpg"
"GKR-451","Dermaline BB Perfect 3 Shield Blamish balm.","50ml","15","https://raw.githubusercontent.com/Vidaluxury20/guru-korea-hd-ezformz/main/images/GKR-451.jpg","HD replacement","","43","https://en.dermaline.co.kr/product/perfect-3-shield-blemish-balm-50ml/267/category/103/display/1/","images/GKR-451.jpg"
"GKR-452","Dermaline Professional Multi Action Sunblock","50ml","18.1","https://raw.githubusercontent.com/Vidaluxury20/guru-korea-hd-ezformz/main/images/GKR-452.jpg","HD replacement","","43","https://www.dermaline.kr/default/product/product1.php?com_board_basic=read_form&com_board_idx=58&&com_board_search_code=&com_board_search_value1=&com_board_search_value2=&com_board_page=&&com_board_id=17&&com_board_id=17","images/GKR-452.jpg"
