"item_id","product_name","pack_size","price_column_b_usd","image_url","photo_status","review_flag","source_page","source_photo_url","image_path","image_width_px","image_height_px","photo_source_page","photo_source_image_url","needs_hd_photo"
"GKR-008","Medytox 100iu","100iu","26","","Photo pending","Product name ambiguous: confirm brand and supply exact photo.","1","","","","","","","true"
"GKR-009","Medytox 200iu","200iu","40.75","https://raw.githubusercontent.com/Vidaluxury20/guru-korea-hd-ezformz/main/images/GKR-009.jpg","Retained original","","1","","images/GKR-009.jpg","230","253","","","true"
"GKR-024","RedTox 200iu","200iu","35","https://raw.githubusercontent.com/Vidaluxury20/guru-korea-hd-ezformz/main/images/GKR-024.jpg","New source photo (below HD)","Photo missing; Native source is below 1000px on one or both sides.","2","https://en.jdbio.com/products/one-tox-200units사본","images/GKR-024.jpg","760","760","https://en.jdbio.com/products/one-tox-200units사본","https://cdn.shopify.com/s/files/1/0826/3385/1169/files/Red_Tox_200Units_01.jpg?v=1755755743","true"
"GKR-029","Isotonic Sodium Chloride Injection Daihan(500ml)","500ml ea x20 (bags) / box","28.9","https://raw.githubusercontent.com/Vidaluxury20/guru-korea-hd-ezformz/main/images/GKR-029.jpg","Retained original","","2","","images/GKR-029.jpg","433","280","","","true"
"GKR-030","Isotonic Sodium Chloride 0.9 Daihan 20mL 50A","50A","17","https://raw.githubusercontent.com/Vidaluxury20/guru-korea-hd-ezformz/main/images/GKR-030.jpg","Retained original","","2","","images/GKR-030.jpg","416","370","","","true"
"GKR-031","Sodium Chloride Inj. 0.9 Choongwae 20mL","50A","19.9","https://raw.githubusercontent.com/Vidaluxury20/guru-korea-hd-ezformz/main/images/GKR-031.jpg","Retained original","","2","","images/GKR-031.jpg","273","384","","","true"
"GKR-032","Wellsfill Deep","1.1ml","15","https://raw.githubusercontent.com/Vidaluxury20/guru-korea-hd-ezformz/main/images/GKR-032.jpg","Retained original","","2","","images/GKR-032.jpg","625","377","","","true"
"GKR-033","Wellsfill Volume","1.1ml","15","https://raw.githubusercontent.com/Vidaluxury20/guru-korea-hd-ezformz/main/images/GKR-033.jpg","Retained original","","2","","images/GKR-033.jpg","625","377","","","true"
"GKR-034","Wellsfill Fine","1.1ml","15","https://raw.githubusercontent.com/Vidaluxury20/guru-korea-hd-ezformz/main/images/GKR-034.jpg","Retained original","","2","","images/GKR-034.jpg","625","377","","","true"
"GKR-035","Gcelle Shape","","16.7","https://raw.githubusercontent.com/Vidaluxury20/guru-korea-hd-ezformz/main/images/GKR-035.jpg","Retained original","","2","","images/GKR-035.jpg","312","282","","","true"
"GKR-036","Gcelle Deep","1 x 1.1ml","16.7","https://raw.githubusercontent.com/Vidaluxury20/guru-korea-hd-ezformz/main/images/GKR-036.jpg","Retained original","","2","","images/GKR-036.jpg","312","282","","","true"
"GKR-037","Gcelle Fine","1 x 1.1ml","16.7","https://raw.githubusercontent.com/Vidaluxury20/guru-korea-hd-ezformz/main/images/GKR-037.jpg","Retained original","","3","","images/GKR-037.jpg","312","282","","","true"
"GKR-038","Restylane DEFYNE Restylane VOLUME Restylane KYSSE Restylane REFYNE","1ml","127","https://raw.githubusercontent.com/Vidaluxury20/guru-korea-hd-ezformz/main/images/GKR-038.jpg","Retained original","Grouped variants share source price","3","","images/GKR-038.jpg","448","441","","","true"
"GKR-044","Beads Max High","1ml","19","https://raw.githubusercontent.com/Vidaluxury20/guru-korea-hd-ezformz/main/images/GKR-044.jpg","Retained original","","3","","images/GKR-044.jpg","700","700","","","true"
"GKR-045","Beads Max Mid","1ml","19","https://raw.githubusercontent.com/Vidaluxury20/guru-korea-hd-ezformz/main/images/GKR-045.jpg","Retained original","","3","","images/GKR-045.jpg","700","700","","","true"
"GKR-046","Beads Max Fine","1ml","19","https://raw.githubusercontent.com/Vidaluxury20/guru-korea-hd-ezformz/main/images/GKR-046.jpg","Retained original","","3","","images/GKR-046.jpg","700","700","","","true"
"GKR-047","Elasty G Plus","1ml1sy","13","https://raw.githubusercontent.com/Vidaluxury20/guru-korea-hd-ezformz/main/images/GKR-047.jpg","Retained original","","3","","images/GKR-047.jpg","500","500","","","true"
"GKR-048","Elasty D Plus","1ml1sy","13","https://raw.githubusercontent.com/Vidaluxury20/guru-korea-hd-ezformz/main/images/GKR-048.jpg","Retained original","","3","","images/GKR-048.jpg","500","500","","","true"
"GKR-050","Elasty G (Without lidocaine)","1ml2sy","23","https://raw.githubusercontent.com/Vidaluxury20/guru-korea-hd-ezformz/main/images/GKR-050.jpg","Retained original","","4","","images/GKR-050.jpg","576","512","","","true"
"GKR-051","Elasty D (Without lidocaine)","1ml2sy","23","https://raw.githubusercontent.com/Vidaluxury20/guru-korea-hd-ezformz/main/images/GKR-051.jpg","Retained original","","4","","images/GKR-051.jpg","576","512","","","true"
"GKR-052","Elasty F (Without lidocaine)","1ml2sy","23","https://raw.githubusercontent.com/Vidaluxury20/guru-korea-hd-ezformz/main/images/GKR-052.jpg","Retained original","","4","","images/GKR-052.jpg","576","512","","","true"
"GKR-059","Dermalax Plus","1.1mL","25","https://raw.githubusercontent.com/Vidaluxury20/guru-korea-hd-ezformz/main/images/GKR-059.jpg","Retained original","","4","","images/GKR-059.jpg","658","749","","","true"
"GKR-060","Dermalax Deep Plus","1.1mL","25","https://raw.githubusercontent.com/Vidaluxury20/guru-korea-hd-ezformz/main/images/GKR-060.jpg","Retained original","","4","","images/GKR-060.jpg","658","749","","","true"
"GKR-061","Dermalax Implant Plus","1ml/2sy","44.5","https://raw.githubusercontent.com/Vidaluxury20/guru-korea-hd-ezformz/main/images/GKR-061.jpg","Retained original","","4","","images/GKR-061.jpg","658","749","","","true"
"GKR-062","Neuramis® Deep","1mL","22.55","https://raw.githubusercontent.com/Vidaluxury20/guru-korea-hd-ezformz/main/images/GKR-062.jpg","New source photo (below HD)","Photo missing; Native source is below 1000px on one or both sides.","4","https://www.lumeemaison.com/product/21","images/GKR-062.jpg","430","232","https://www.lumeemaison.com/product/21","https://www.lumeemaison.com/images/products/product-21-1779185385155.webp?v=1779186381303","true"
"GKR-067","The Chaeum Premium No 1","1.1ml/2sy","33","https://raw.githubusercontent.com/Vidaluxury20/guru-korea-hd-ezformz/main/images/GKR-067.jpg","Retained original","","4","","images/GKR-067.jpg","504","358","","","true"
"GKR-068","The Chaeum Premium No2","1.1ml/2sy","33","https://raw.githubusercontent.com/Vidaluxury20/guru-korea-hd-ezformz/main/images/GKR-068.jpg","Retained original","","4","","images/GKR-068.jpg","504","358","","","true"
"GKR-069","The Chaeum Premium No 3","1.1ml/2sy","33","https://raw.githubusercontent.com/Vidaluxury20/guru-korea-hd-ezformz/main/images/GKR-069.jpg","Retained original","","4","","images/GKR-069.jpg","504","358","","","true"
"GKR-070","The Chaeum Premium No 4","1.1ml/2sy","33","https://raw.githubusercontent.com/Vidaluxury20/guru-korea-hd-ezformz/main/images/GKR-070.jpg","Retained original","","5","","images/GKR-070.jpg","504","358","","","true"
"GKR-071","Rejeunesse Fine","1.1mL","19.5","https://raw.githubusercontent.com/Vidaluxury20/guru-korea-hd-ezformz/main/images/GKR-071.jpg","Retained original","","5","","images/GKR-071.jpg","556","659","","","true"
"GKR-072","Rejeunesse Shape","1.1mL","19.5","https://raw.githubusercontent.com/Vidaluxury20/guru-korea-hd-ezformz/main/images/GKR-072.jpg","Retained original","","5","","images/GKR-072.jpg","556","659","","","true"
"GKR-073","Rejeunesse Deep","1.1mL","19.5","https://raw.githubusercontent.com/Vidaluxury20/guru-korea-hd-ezformz/main/images/GKR-073.jpg","Retained original","","5","","images/GKR-073.jpg","556","659","","","true"
"GKR-075","Replengen Fine","1.1mL","16.9","https://raw.githubusercontent.com/Vidaluxury20/guru-korea-hd-ezformz/main/images/GKR-075.jpg","New source photo (below HD)","Photo missing; Supplier watermark retained.; Native source is below 1000px on one or both sides.","5","https://premiumdermalmart.com/products/replengen-fine","images/GKR-075.jpg","599","599","https://premiumdermalmart.com/products/replengen-fine","https://cdn.shopify.com/s/files/1/0763/1601/6989/products/REPLENGEN-FINE.jpg?v=1781228422","true"
"GKR-077","Replengen Volume","1.1mL","16.9","https://raw.githubusercontent.com/Vidaluxury20/guru-korea-hd-ezformz/main/images/GKR-077.jpg","Retained original","","5","","images/GKR-077.jpg","582","449","","","true"
"GKR-085","Regenovue Sub-Q Plus","1.1ml","25","https://raw.githubusercontent.com/Vidaluxury20/guru-korea-hd-ezformz/main/images/GKR-085.jpg","Retained original","","5","","images/GKR-085.jpg","424","406","","","true"
"GKR-086","Regenovue Deep Plus","1.1ml","25","https://raw.githubusercontent.com/Vidaluxury20/guru-korea-hd-ezformz/main/images/GKR-086.jpg","Retained original","","5","","images/GKR-086.jpg","424","406","","","true"
"GKR-087","Regenovue Fine Plus","1.1ml","25","https://raw.githubusercontent.com/Vidaluxury20/guru-korea-hd-ezformz/main/images/GKR-087.jpg","New source photo (below HD)","Photo missing; Native source is below 1000px on one or both sides.","5","https://www.lumeemaison.com/product/5","images/GKR-087.jpg","541","275","https://www.lumeemaison.com/product/5","https://www.lumeemaison.com/images/products/product-5.jpg?v=1779186381303","true"
"GKR-088","Starfill Plus Lidocaine","","26","https://raw.githubusercontent.com/Vidaluxury20/guru-korea-hd-ezformz/main/images/GKR-088.jpg","New source photo (below HD)","Photo missing; Supplier watermark retained.; Native source is below 1000px on one or both sides.","5","https://premiumdermalmart.com/products/starfill-plus-lido","images/GKR-088.jpg","479","479","https://premiumdermalmart.com/products/starfill-plus-lido","https://cdn.shopify.com/s/files/1/0763/1601/6989/products/STARFILL-PLUS-LIDO.jpg?v=1781228401","true"
"GKR-090","Starfill Implant Plus Lidocaine","","22.65","https://raw.githubusercontent.com/Vidaluxury20/guru-korea-hd-ezformz/main/images/GKR-090.jpg","Retained original","","6","","images/GKR-090.jpg","306","296","","","true"
"GKR-091","Bonetta Volume","1.1mL x 2syr","27","https://raw.githubusercontent.com/Vidaluxury20/guru-korea-hd-ezformz/main/images/GKR-091.jpg","Retained original","","6","","images/GKR-091.jpg","384","493","","","true"
"GKR-092","Bonetta Deep","1.1mL x 2syr","27","https://raw.githubusercontent.com/Vidaluxury20/guru-korea-hd-ezformz/main/images/GKR-092.jpg","Retained original","","6","","images/GKR-092.jpg","384","493","","","true"
"GKR-094","Youthfill Shape","1.1mL x 1syr","17.9","https://raw.githubusercontent.com/Vidaluxury20/guru-korea-hd-ezformz/main/images/GKR-094.jpg","Retained original","","6","","images/GKR-094.jpg","634","247","","","true"
"GKR-095","Youthfill Deep","1.1mL x 1syr","17.9","https://raw.githubusercontent.com/Vidaluxury20/guru-korea-hd-ezformz/main/images/GKR-095.jpg","Retained original","","6","","images/GKR-095.jpg","635","247","","","true"
"GKR-096","Youthfill Fine","1.1mL x 1syr","17.9","https://raw.githubusercontent.com/Vidaluxury20/guru-korea-hd-ezformz/main/images/GKR-096.jpg","Retained original","","6","","images/GKR-096.jpg","691","271","","","true"
"GKR-098","Celosome Implant","1.1mL x 1syr","16.5","https://raw.githubusercontent.com/Vidaluxury20/guru-korea-hd-ezformz/main/images/GKR-098.jpg","Retained original","","7","","images/GKR-098.jpg","591","228","","","true"
"GKR-099","Celosome Strong","1.1mL x 1syr","16.5","https://raw.githubusercontent.com/Vidaluxury20/guru-korea-hd-ezformz/main/images/GKR-099.jpg","Retained original","","7","","images/GKR-099.jpg","500","186","","","true"
"GKR-100","Celosome Mid","1.1mL x 1syr","16.5","https://raw.githubusercontent.com/Vidaluxury20/guru-korea-hd-ezformz/main/images/GKR-100.jpg","Retained original","","7","","images/GKR-100.jpg","500","186","","","true"
"GKR-101","Celosome Soft","1.1mL x 1syr","16.5","https://raw.githubusercontent.com/Vidaluxury20/guru-korea-hd-ezformz/main/images/GKR-101.jpg","Retained original","","7","","images/GKR-101.jpg","500","190","","","true"
"GKR-102","Yvoire Classic Plus","1ml","36","https://raw.githubusercontent.com/Vidaluxury20/guru-korea-hd-ezformz/main/images/GKR-102.jpg","Retained original","","7","","images/GKR-102.jpg","450","321","","","true"
"GKR-103","Yvoire Contour Plus","1ml","36","https://raw.githubusercontent.com/Vidaluxury20/guru-korea-hd-ezformz/main/images/GKR-103.jpg","Retained original","","7","","images/GKR-103.jpg","450","321","","","true"
"GKR-104","Yvoire Volume Plus","1ml","36","https://raw.githubusercontent.com/Vidaluxury20/guru-korea-hd-ezformz/main/images/GKR-104.jpg","Retained original","","7","","images/GKR-104.jpg","450","321","","","true"
"GKR-105","Priere Lip Filler","1.1ml/ 1syr","23.3","https://raw.githubusercontent.com/Vidaluxury20/guru-korea-hd-ezformz/main/images/GKR-105.jpg","New source photo (below HD)","Photo missing; Supplier watermark retained.; Native source is below 1000px on one or both sides.","7","https://premiumdermalmart.com/products/priere-lip-filler","images/GKR-105.jpg","691","1578","https://premiumdermalmart.com/products/priere-lip-filler","https://cdn.shopify.com/s/files/1/0763/1601/6989/files/Priere-Lip-Filler.webp?v=1781228591","true"
"GKR-107","Monalisa Hard","1ml","20","https://raw.githubusercontent.com/Vidaluxury20/guru-korea-hd-ezformz/main/images/GKR-107.jpg","Retained original","","7","","images/GKR-107.jpg","332","319","","","true"
"GKR-108","Monalisa Mild","1ml","20","https://raw.githubusercontent.com/Vidaluxury20/guru-korea-hd-ezformz/main/images/GKR-108.jpg","Retained original","","7","","images/GKR-108.jpg","332","319","","","true"
"GKR-109","Monalisa Soft","1ml","23","https://raw.githubusercontent.com/Vidaluxury20/guru-korea-hd-ezformz/main/images/GKR-109.jpg","Retained original","","7","","images/GKR-109.jpg","332","319","","","true"
"GKR-110","Monalisa Ultra","1ml","20","https://raw.githubusercontent.com/Vidaluxury20/guru-korea-hd-ezformz/main/images/GKR-110.jpg","Retained original","","7","","images/GKR-110.jpg","332","319","","","true"
"GKR-111","Richesse Soft","1.1mL x 1syr Needles 30G (2)","18","https://raw.githubusercontent.com/Vidaluxury20/guru-korea-hd-ezformz/main/images/GKR-111.jpg","Retained original","","7","","images/GKR-111.jpg","606","435","","","true"
"GKR-112","Richesse Deep","1.1mL x 1syr Needle 27G (1) Cannula (1)","18","https://raw.githubusercontent.com/Vidaluxury20/guru-korea-hd-ezformz/main/images/GKR-112.jpg","Retained original","","7","","images/GKR-112.jpg","606","435","","","true"
"GKR-113","Richesse Implant","1.1mL x 1syr Needle 25G (1) Cannula (1)","18","https://raw.githubusercontent.com/Vidaluxury20/guru-korea-hd-ezformz/main/images/GKR-113.jpg","Retained original","","7","","images/GKR-113.jpg","606","435","","","true"
"GKR-114","Richesse Ultra","1.1mL x 1syr Needle 25G (1) Cannula (1)","18","https://raw.githubusercontent.com/Vidaluxury20/guru-korea-hd-ezformz/main/images/GKR-114.jpg","Retained original","","7","","images/GKR-114.jpg","606","435","","","true"
"GKR-115","Richesse Soft ( 2 syringes )","1.1mL x 2syr Needles 30G (4)","33.15","https://raw.githubusercontent.com/Vidaluxury20/guru-korea-hd-ezformz/main/images/GKR-115.jpg","Retained original","","7","","images/GKR-115.jpg","606","435","","","true"
"GKR-116","Richesse Deep ( 2 syringes )","1.1mL x 2syr Needle 27G (2) Cannula (2)","33.15","https://raw.githubusercontent.com/Vidaluxury20/guru-korea-hd-ezformz/main/images/GKR-116.jpg","Retained original","","7","","images/GKR-116.jpg","606","435","","","true"
"GKR-117","Richesse Implant ( 2 syringes )","1.1mL x 2syr Needle 25G (2) Cannula (2)","33.15","https://raw.githubusercontent.com/Vidaluxury20/guru-korea-hd-ezformz/main/images/GKR-117.jpg","Retained original","","7","","images/GKR-117.jpg","606","435","","","true"
"GKR-118","Richesse Ultra ( 2 syringes )","1.1mL x 2syr Needle 25G (2) Cannula (2)","33.15","https://raw.githubusercontent.com/Vidaluxury20/guru-korea-hd-ezformz/main/images/GKR-118.jpg","Retained original","","7","","images/GKR-118.jpg","606","435","","","true"
"GKR-119","DeneB Classic-H","10ml","65","https://raw.githubusercontent.com/Vidaluxury20/guru-korea-hd-ezformz/main/images/GKR-119.jpg","Retained original","","8","","images/GKR-119.jpg","300","377","","","true"
"GKR-120","DeneB Classic-S","10ml","65","https://raw.githubusercontent.com/Vidaluxury20/guru-korea-hd-ezformz/main/images/GKR-120.jpg","Retained original","","8","","images/GKR-120.jpg","300","377","","","true"
"GKR-121","Beads Max Classic-S (Soft)","10ml","75","https://raw.githubusercontent.com/Vidaluxury20/guru-korea-hd-ezformz/main/images/GKR-121.jpg","Retained original","","8","","images/GKR-121.jpg","375","375","","","true"
"GKR-122","Beads Max Classic-H (Hard)","10ml","75","https://raw.githubusercontent.com/Vidaluxury20/guru-korea-hd-ezformz/main/images/GKR-122.jpg","Retained original","","8","","images/GKR-122.jpg","375","375","","","true"
"GKR-123","Sedy fill","60mL","61","https://raw.githubusercontent.com/Vidaluxury20/guru-korea-hd-ezformz/main/images/GKR-123.jpg","Retained original","","8","","images/GKR-123.jpg","546","320","","","true"
"GKR-126","Maxy Fill 55cc (Hard)","50ml/ (Syringe)","120","https://raw.githubusercontent.com/Vidaluxury20/guru-korea-hd-ezformz/main/images/GKR-126.jpg","Retained original","","8","","images/GKR-126.jpg","328","362","","","true"
"GKR-128","Richesse B","10ml x 1syr","59","https://raw.githubusercontent.com/Vidaluxury20/guru-korea-hd-ezformz/main/images/GKR-128.jpg","New source photo (below HD)","Photo missing; Native source is below 1000px on one or both sides.","8","https://facepharm.kr/shop/body-fillers/richesse-b/","images/GKR-128.jpg","760","761","https://facepharm.kr/shop/body-fillers/richesse-b/","https://facepharm.kr/wp-content/uploads/2024/01/Richesse.jpg","true"
"GKR-129","The Hada body filler","50ml","64","https://raw.githubusercontent.com/Vidaluxury20/guru-korea-hd-ezformz/main/images/GKR-129.jpg","Retained original","","8","","images/GKR-129.jpg","235","266","","","true"
"GKR-130","Dermagen EXOSIA","2ml/10v","149.4","https://raw.githubusercontent.com/Vidaluxury20/guru-korea-hd-ezformz/main/images/GKR-130.jpg","Retained original","","8","","images/GKR-130.jpg","591","547","","","true"
"GKR-131","Dermagen EXOSIA Solution","5ml/10v","46","https://raw.githubusercontent.com/Vidaluxury20/guru-korea-hd-ezformz/main/images/GKR-131.jpg","Retained original","","8","","images/GKR-131.jpg","591","547","","","true"
"GKR-132","Dermagen EXOSIA (SET)","2ml/10v 5ml/10v","179.45","https://raw.githubusercontent.com/Vidaluxury20/guru-korea-hd-ezformz/main/images/GKR-132.jpg","Retained original","","9","","images/GKR-132.jpg","591","547","","","true"
"GKR-134","AMI NAD+","5ml /3v","57","https://raw.githubusercontent.com/Vidaluxury20/guru-korea-hd-ezformz/main/images/GKR-134.jpg","Retained original","","9","","images/GKR-134.jpg","308","188","","","true"
"GKR-136","P198 Boosting Solution","3ml x 5v","47.9","https://raw.githubusercontent.com/Vidaluxury20/guru-korea-hd-ezformz/main/images/GKR-136.jpg","Retained original","","9","","images/GKR-136.jpg","369","167","","","true"
"GKR-137","Exo Healer P198 Filcore - Activating Solution","5ml/10v","62","https://raw.githubusercontent.com/Vidaluxury20/guru-korea-hd-ezformz/main/images/GKR-137.jpg","Retained original","","9","","images/GKR-137.jpg","426","331","","","true"
"GKR-138","Exo Healer P198 Filcore - SB","2ml/10v","164","https://raw.githubusercontent.com/Vidaluxury20/guru-korea-hd-ezformz/main/images/GKR-138.jpg","Retained original","","9","","images/GKR-138.jpg","426","331","","","true"
"GKR-139","Exo Healer P198 Filcore - SB PLUS","2ml x5v","249","https://raw.githubusercontent.com/Vidaluxury20/guru-korea-hd-ezformz/main/images/GKR-139.jpg","Retained original","","9","","images/GKR-139.jpg","381","220","","","true"
"GKR-140","Exo Healer P198 Filcore - SB PLUS program","2ml + 5ml (5pairs)","295","https://raw.githubusercontent.com/Vidaluxury20/guru-korea-hd-ezformz/main/images/GKR-140.jpg","Retained original","","9","","images/GKR-140.jpg","388","217","","","true"
"GKR-141","Exo Healer P198 Filcore - HB PLUS","2ml x5v","249","https://raw.githubusercontent.com/Vidaluxury20/guru-korea-hd-ezformz/main/images/GKR-141.jpg","Retained original","Repeated name and pack size in source","9","","images/GKR-141.jpg","381","220","","","true"
"GKR-142","Exo Healer P198 Filcore - HB program","2ml + 5ml (5pairs)","299","https://raw.githubusercontent.com/Vidaluxury20/guru-korea-hd-ezformz/main/images/GKR-142.jpg","Retained original","Repeated name and pack size in source","9","","images/GKR-142.jpg","380","182","","","true"
"GKR-144","Puri Aqua Exo","2.5ml / Syringes x 5ea","43.75","https://raw.githubusercontent.com/Vidaluxury20/guru-korea-hd-ezformz/main/images/GKR-144.jpg","Retained original","","10","","images/GKR-144.jpg","272","280","","","true"
"GKR-145","Hyalmass Aqua Exosome","2.5ml 10syr/ box","63","https://raw.githubusercontent.com/Vidaluxury20/guru-korea-hd-ezformz/main/images/GKR-145.jpg","Retained original","","10","","images/GKR-145.jpg","384","254","","","true"
"GKR-146","EXOXE Exosome (SET)","50mg / 5ml (5 pairs)","273","https://raw.githubusercontent.com/Vidaluxury20/guru-korea-hd-ezformz/main/images/GKR-146.jpg","Retained original","","10","","images/GKR-146.jpg","547","248","","","true"
"GKR-147","LusciExo (Set)","[Exosome] 100mg x 5 vials [Solution] 5mL x 5 vials","110","https://raw.githubusercontent.com/Vidaluxury20/guru-korea-hd-ezformz/main/images/GKR-147.jpg","Retained original","","10","","images/GKR-147.jpg","457","192","","","true"
"GKR-148","Richesse EXO19","2.2ml / box","43","https://raw.githubusercontent.com/Vidaluxury20/guru-korea-hd-ezformz/main/images/GKR-148.jpg","Retained original","","10","","images/GKR-148.jpg","524","238","","","true"
"GKR-149","CellExosome Black Label Skin","[Exosome] 200mg x 1 vial [Solution] 6mL x 1 vial","45.8","https://raw.githubusercontent.com/Vidaluxury20/guru-korea-hd-ezformz/main/images/GKR-149.jpg","New source photo (below HD)","Photo missing; Supplier watermark retained.; Native source is below 1000px on one or both sides.","10","https://premiumdermalmart.com/products/cellexosome-black-label-skin","images/GKR-149.jpg","555","376","https://premiumdermalmart.com/products/cellexosome-black-label-skin","https://cdn.shopify.com/s/files/1/0763/1601/6989/files/Cellexosome-Black-Label-Skin.png?v=1781228805","true"
"GKR-150","CellExosome Black Label Hair","[Exosome] 200mg x 1 vial [Solution] 6mL x 1 vial","45.8","https://raw.githubusercontent.com/Vidaluxury20/guru-korea-hd-ezformz/main/images/GKR-150.jpg","New source photo (below HD)","Photo missing; Repeated name and pack size in source; Supplier watermark retained.; Native source is below 1000px on one or both sides.","10","https://premiumdermalmart.com/products/cellexosome-black-label-hair","images/GKR-150.jpg","310","227","https://premiumdermalmart.com/products/cellexosome-black-label-hair","https://cdn.shopify.com/s/files/1/0763/1601/6989/files/Cellexosome-Black-Label-Hair.png?v=1781228805","true"
"GKR-151","GFC Cell Exo Scalp","5v / 5v (Powder / Solution)","130","https://raw.githubusercontent.com/Vidaluxury20/guru-korea-hd-ezformz/main/images/GKR-151.jpg","Retained original","Repeated name and pack size in source","10","","images/GKR-151.jpg","491","447","","","true"
"GKR-152","GFC Cell Exo Vital Kit","5v / 5v (Powder / Solution)","112","https://raw.githubusercontent.com/Vidaluxury20/guru-korea-hd-ezformz/main/images/GKR-152.jpg","Retained original","","10","","images/GKR-152.jpg","490","449","","","true"
"GKR-153","Exoten","1 pair 5ml","210","https://raw.githubusercontent.com/Vidaluxury20/guru-korea-hd-ezformz/main/images/GKR-153.jpg","Retained original","","10","","images/GKR-153.jpg","681","440","","","true"
"GKR-154","HANHEAL Facial Rejuvenation (Exosomes)","5ml x 5v","125","https://raw.githubusercontent.com/Vidaluxury20/guru-korea-hd-ezformz/main/images/GKR-154.jpg","Retained original","","10","","images/GKR-154.jpg","336","311","","","true"
"GKR-164","Lapuroon Aurora Super PDRN","2.5mL x 2syr","49.85","https://raw.githubusercontent.com/Vidaluxury20/guru-korea-hd-ezformz/main/images/GKR-164.jpg","New source photo (below HD)","Photo missing; Native source is below 1000px on one or both sides.","12","https://www.lumeemaison.com/product/117","images/GKR-164.jpg","1024","416","https://www.lumeemaison.com/product/117","https://www.lumeemaison.com/images/products/product-117.webp?v=1779186381303","true"
"GKR-168","Goldcell premium","3.3ml l/ 10v","145","https://raw.githubusercontent.com/Vidaluxury20/guru-korea-hd-ezformz/main/images/GKR-168.jpg","Retained original","","13","","images/GKR-168.jpg","628","437","","","true"
"GKR-175","Tesoro Collagen","2.0ml * 1 Syringe","33","https://raw.githubusercontent.com/Vidaluxury20/guru-korea-hd-ezformz/main/images/GKR-175.jpg","New source photo (below HD)","Photo missing; Native source is below 1000px on one or both sides.","13","https://www.lumeemaison.com/product/70","images/GKR-175.jpg","400","400","https://www.lumeemaison.com/product/70","https://www.lumeemaison.com/images/products/product-70.webp?v=1779186381303","true"
"GKR-176","Priere Tulip Lip Filler","1.1ml/ 1syr","23.3","https://raw.githubusercontent.com/Vidaluxury20/guru-korea-hd-ezformz/main/images/GKR-176.jpg","New source photo (below HD)","Photo missing; Native source is below 1000px on one or both sides.","14","https://arudaglobal.com","images/GKR-176.jpg","294","350","https://arudaglobal.com","https://arudaglobal.com/wp-content/uploads/2025/10/05.PEleRE-tulip_상품썸네일.png","true"
"GKR-179","Puri Lips","1.1ml/ 1syr","19","https://raw.githubusercontent.com/Vidaluxury20/guru-korea-hd-ezformz/main/images/GKR-179.jpg","Retained original","","14","","images/GKR-179.jpg","359","582","","","true"
"GKR-185","AETER Puri Eyes Pro","1.1ml/ 1syr","26","https://raw.githubusercontent.com/Vidaluxury20/guru-korea-hd-ezformz/main/images/GKR-185.jpg","Retained original","","14","","images/GKR-185.jpg","194","522","","","true"
"GKR-187","Puri PDRN","2.5ml* 5 ampoules","42","https://raw.githubusercontent.com/Vidaluxury20/guru-korea-hd-ezformz/main/images/GKR-187.jpg","Retained original","","15","","images/GKR-187.jpg","356","406","","","true"
"GKR-188","Carat FIll Aurora Skin Booster","10 ampoules x 5.2ml","74.8","https://raw.githubusercontent.com/Vidaluxury20/guru-korea-hd-ezformz/main/images/GKR-188.jpg","New source photo (below HD)","Photo missing; Native source is below 1000px on one or both sides.","16","https://glowfill.co/products/caratfill-aurora-skin-booster","images/GKR-188.jpg","692","608","https://glowfill.co/products/caratfill-aurora-skin-booster","https://cdn.shopify.com/s/files/1/0969/3623/1187/files/caratfill-aurora-skin-booster-korean-skinbooster-wholesale-glowfill-aesthetic.png?v=1769336186","true"
"GKR-189","ELAXEN HA-PN","2.5 mL × 10 Syringes","73.2","https://raw.githubusercontent.com/Vidaluxury20/guru-korea-hd-ezformz/main/images/GKR-189.jpg","Retained original","","16","","images/GKR-189.jpg","333","161","","","true"
"GKR-190","ELAXEN PN","2.5 mL × 3 Syringes","43","https://raw.githubusercontent.com/Vidaluxury20/guru-korea-hd-ezformz/main/images/GKR-190.jpg","New source photo (below HD)","Photo missing; Supplier watermark retained.; Native source is below 1000px on one or both sides.","16","https://premiumdermalmart.com/products/elaxen-pn","images/GKR-190.jpg","759","759","https://premiumdermalmart.com/products/elaxen-pn","https://cdn.shopify.com/s/files/1/0763/1601/6989/files/Elaxen-PN.webp?v=1781228918","true"
"GKR-194","Eclafin V Ampoule","10ml x 5v","77.4","https://raw.githubusercontent.com/Vidaluxury20/guru-korea-hd-ezformz/main/images/GKR-194.jpg","Retained original","","16","","images/GKR-194.jpg","391","436","","","true"
"GKR-195","Eclafin P Ampoule","5ml x 5v","83","https://raw.githubusercontent.com/Vidaluxury20/guru-korea-hd-ezformz/main/images/GKR-195.jpg","Retained original","","16","","images/GKR-195.jpg","386","430","","","true"
"GKR-196","Eclafin S Ampoule","5ml x 5v","88","https://raw.githubusercontent.com/Vidaluxury20/guru-korea-hd-ezformz/main/images/GKR-196.jpg","Retained original","","16","","images/GKR-196.jpg","376","419","","","true"
"GKR-197","Rejuvenex Forte","2.5ml x 6ampoules / BOX","44.4","https://raw.githubusercontent.com/Vidaluxury20/guru-korea-hd-ezformz/main/images/GKR-197.jpg","Retained original","","16","","images/GKR-197.jpg","377","268","","","true"
"GKR-198","Rejuvenex Vega Shine","2.5ml x 6ampoules / BOX","44.4","https://raw.githubusercontent.com/Vidaluxury20/guru-korea-hd-ezformz/main/images/GKR-198.jpg","Retained original","","17","","images/GKR-198.jpg","436","276","","","true"
"GKR-204","Ultracol 100 (Ultra V)","100mg / 1v","119.8","https://raw.githubusercontent.com/Vidaluxury20/guru-korea-hd-ezformz/main/images/GKR-204.jpg","New source photo (below HD)","Photo missing; Photo shows Ultracol 100 and 200 variants together.; Native source is below 1000px on one or both sides.","17","https://itpharma.com/en/product/ultracol-200-2/","images/GKR-204.jpg","900","600","https://itpharma.com/en/product/ultracol-200-2/","https://itpharma.com/wp-content/uploads/2024/12/ultracol-100-y-200.jpg","true"
"GKR-205","Ultracol 200 (Ultra V)","200mg / 1v","104.4","https://raw.githubusercontent.com/Vidaluxury20/guru-korea-hd-ezformz/main/images/GKR-205.jpg","New source photo (below HD)","Photo missing; Native source is below 1000px on one or both sides.","17","https://itpharma.com/en/product/ultracol-200-2/","images/GKR-205.jpg","900","600","https://itpharma.com/en/product/ultracol-200-2/","https://itpharma.com/wp-content/uploads/2024/12/ultracol-200.jpg","true"
"GKR-207","Dermaheal SR","5mL/10v","85","https://raw.githubusercontent.com/Vidaluxury20/guru-korea-hd-ezformz/main/images/GKR-207.jpg","Retained original","","18","","images/GKR-207.jpg","800","686","","","true"
"GKR-211","Kiara + Aura","3.5ml/ 1v","37","https://raw.githubusercontent.com/Vidaluxury20/guru-korea-hd-ezformz/main/images/GKR-211.jpg","New source photo (below HD)","Photo missing; Native source is below 1000px on one or both sides.","19","https://bioplusshop.co.kr/product/detail.html?product_no=292","images/GKR-211.jpg","700","700","https://bioplusshop.co.kr/product/detail.html?product_no=292","https://bioplusshop.co.kr/web/product/big/202603/4697c47641c8df255124771b95554cd5.jpg","true"
"GKR-212","High Injection","2mL/3sy","36","https://raw.githubusercontent.com/Vidaluxury20/guru-korea-hd-ezformz/main/images/GKR-212.jpg","Retained original","","19","","images/GKR-212.jpg","426","241","","","true"
"GKR-223","Hyalmass 50cc","2mL/1syr","17.75","https://raw.githubusercontent.com/Vidaluxury20/guru-korea-hd-ezformz/main/images/GKR-223.jpg","New source photo (below HD)","Photo missing; Native source is below 1000px on one or both sides.","20","https://www.lumeemaison.com/product/77","images/GKR-223.jpg","620","338","https://www.lumeemaison.com/product/77","https://www.lumeemaison.com/images/products/product-77.webp?v=1779186381303","true"
"GKR-224","GC Wellbeing Collafill","1mL/1syr","31","https://raw.githubusercontent.com/Vidaluxury20/guru-korea-hd-ezformz/main/images/GKR-224.jpg","Retained original","","20","","images/GKR-224.jpg","652","266","","","true"
"GKR-226","NEOME PCL","1mL/1syr","110","https://raw.githubusercontent.com/Vidaluxury20/guru-korea-hd-ezformz/main/images/GKR-226.jpg","New source photo (below HD)","Photo missing; Native source is below 1000px on one or both sides.","20","https://fillerface.co.uk/products/neome-liquid-pcl-1-x-1ml","images/GKR-226.jpg","750","1000","https://fillerface.co.uk/products/neome-liquid-pcl-1-x-1ml","https://cdn.shopify.com/s/files/1/0962/2968/7623/files/neome-liquid-pcl-1-x-1ml-926.webp?v=1789383254","true"
"GKR-229","Miracle Touch BR (Skin Brightening)","5mL x 5V","55","https://raw.githubusercontent.com/Vidaluxury20/guru-korea-hd-ezformz/main/images/GKR-229.jpg","Retained original","","20","","images/GKR-229.jpg","615","397","","","true"
"GKR-232","Miracle Touch UP","2mL x 5V","90","https://raw.githubusercontent.com/Vidaluxury20/guru-korea-hd-ezformz/main/images/GKR-232.jpg","Retained original","","21","","images/GKR-232.jpg","538","348","","","true"
"GKR-233","HP Cell VITARAN i (PN 2%)","1ml x 1syringe","55","https://raw.githubusercontent.com/Vidaluxury20/guru-korea-hd-ezformz/main/images/GKR-233.jpg","Retained original","","21","","images/GKR-233.jpg","424","176","","","true"
"GKR-234","HP Cell VITARAN i Ⅱ (PN 2%)","2ml x 1syringe","75","https://raw.githubusercontent.com/Vidaluxury20/guru-korea-hd-ezformz/main/images/GKR-234.jpg","Retained original","","21","","images/GKR-234.jpg","449","208","","","true"
"GKR-235","HP Cell VITARAN i 4 (PN 2%)","2ml x 2syringe","135","https://raw.githubusercontent.com/Vidaluxury20/guru-korea-hd-ezformz/main/images/GKR-235.jpg","Retained original","","22","","images/GKR-235.jpg","487","209","","","true"
"GKR-236","HP Cell Regation Tox & Eye","3.0ml / 5v","79","https://raw.githubusercontent.com/Vidaluxury20/guru-korea-hd-ezformz/main/images/GKR-236.jpg","Retained original","","23","","images/GKR-236.jpg","724","493","","","true"
"GKR-237","Juvelook","50mg/ 1v","127","https://raw.githubusercontent.com/Vidaluxury20/guru-korea-hd-ezformz/main/images/GKR-237.jpg","Retained original","","23","","images/GKR-237.jpg","314","304","","","true"
"GKR-238","Juvelook I","30mg/ 1v","107","https://raw.githubusercontent.com/Vidaluxury20/guru-korea-hd-ezformz/main/images/GKR-238.jpg","New source photo (below HD)","Photo missing; Native source is below 1000px on one or both sides.","23","https://juvelook.co.kr/sub/product.php","images/GKR-238.jpg","298","681","https://juvelook.co.kr/sub/product.php","https://juvelook.co.kr/images/sub/juvelook-i-img.png","true"
"GKR-240","Juvelook G","200mg / 1v","127","https://raw.githubusercontent.com/Vidaluxury20/guru-korea-hd-ezformz/main/images/GKR-240.jpg","New source photo (below HD)","Photo missing; Native source is below 1000px on one or both sides.","23","https://juvelook.co.kr/sub/product.php","images/GKR-240.jpg","298","681","https://juvelook.co.kr/sub/product.php","https://juvelook.co.kr/images/sub/juvelook-g-img.png","true"
"GKR-241","Etrebelle","200mg/v","78","https://raw.githubusercontent.com/Vidaluxury20/guru-korea-hd-ezformz/main/images/GKR-241.jpg","Retained original","","23","","images/GKR-241.jpg","454","431","","","true"
"GKR-242","Etrebelle","50mg/v","78","https://raw.githubusercontent.com/Vidaluxury20/guru-korea-hd-ezformz/main/images/GKR-242.jpg","Retained original","","23","","images/GKR-242.jpg","454","431","","","true"
"GKR-243","Etrebelle PN","436.8mg / 1v","77.8","https://raw.githubusercontent.com/Vidaluxury20/guru-korea-hd-ezformz/main/images/GKR-243.jpg","Retained original","","23","","images/GKR-243.jpg","300","285","","","true"
"GKR-245","Sculptra","5mL/ 1v","245","https://raw.githubusercontent.com/Vidaluxury20/guru-korea-hd-ezformz/main/images/GKR-245.jpg","Retained original","","23","","images/GKR-245.jpg","427","295","","","true"
"GKR-246","Rejubella","300mg/5v","271","https://raw.githubusercontent.com/Vidaluxury20/guru-korea-hd-ezformz/main/images/GKR-246.jpg","Retained original","","24","","images/GKR-246.jpg","305","332","","","true"
"GKR-247","Peachfill","200mg/ 1v","103","https://raw.githubusercontent.com/Vidaluxury20/guru-korea-hd-ezformz/main/images/GKR-247.jpg","Retained original","","24","","images/GKR-247.jpg","220","278","","","true"
"GKR-248","Synatoks R Plus","5ml / 5v","52.45","https://raw.githubusercontent.com/Vidaluxury20/guru-korea-hd-ezformz/main/images/GKR-248.jpg","New source photo (below HD)","Photo missing; Native source is below 1000px on one or both sides.","24","https://www.gcsbio.com/eng/brands/brandsOther1.asp","images/GKR-248.jpg","360","284","https://www.gcsbio.com/eng/brands/brandsOther1.asp","https://www.gcsbio.com/eng/static/images/content/img_other1_12.png","true"
"GKR-251","Radiesse","1.5cc/1syr","170","https://raw.githubusercontent.com/Vidaluxury20/guru-korea-hd-ezformz/main/images/GKR-251.jpg","Retained original","","24","","images/GKR-251.jpg","419","359","","","true"
"GKR-260","Premium PPC.C","10ml*5V","37","https://raw.githubusercontent.com/Vidaluxury20/guru-korea-hd-ezformz/main/images/GKR-260.jpg","Retained original","","25","","images/GKR-260.jpg","447","229","","","true"
"GKR-264","Dr.LIPO + V","5mL x 10V","50","https://raw.githubusercontent.com/Vidaluxury20/guru-korea-hd-ezformz/main/images/GKR-264.jpg","Retained original","","25","","images/GKR-264.jpg","621","550","","","true"
"GKR-272","Wellscaine Cream 9.6%","500g","21","https://raw.githubusercontent.com/Vidaluxury20/guru-korea-hd-ezformz/main/images/GKR-272.jpg","New source photo (below HD)","Photo missing; Native source is below 1000px on one or both sides.","27","https://www.lumeemaison.com/product/373","images/GKR-272.jpg","464","561","https://www.lumeemaison.com/product/373","https://www.lumeemaison.com/images/products/product-373.webp?v=1779186381303","true"
"GKR-274","SM lido cream 30g","30g","4.99","https://raw.githubusercontent.com/Vidaluxury20/guru-korea-hd-ezformz/main/images/GKR-274.jpg","New source photo (below HD)","Photo missing; Native source is below 1000px on one or both sides.","27","https://www.lumeemaison.com/product/380","images/GKR-274.jpg","554","554","https://www.lumeemaison.com/product/380","https://axamhqgapwguurisgvvi.supabase.co/storage/v1/object/public/product-images/product-380/1780851051880.webp","true"
"GKR-278","Lidocaine HCI with Epinephrine injection (Huons) 1:100,000","1.8mL/50V","19","https://raw.githubusercontent.com/Vidaluxury20/guru-korea-hd-ezformz/main/images/GKR-278.jpg","Retained original","","27","","images/GKR-278.jpg","320","320","","","true"
"GKR-279","Lidocaine HCI with Epinephrine injection (Huons) 1:80,000","1.8mL/50V","22.45","https://raw.githubusercontent.com/Vidaluxury20/guru-korea-hd-ezformz/main/images/GKR-279.jpg","Retained original","","27","","images/GKR-279.jpg","362","362","","","true"
"GKR-280","Daihan Lidocaine HCl Hydrate Inj. 1% 20ml /10V","20ml /10V","7.35","https://raw.githubusercontent.com/Vidaluxury20/guru-korea-hd-ezformz/main/images/GKR-280.jpg","Retained original","","27","","images/GKR-280.jpg","311","195","","","true"
"GKR-281","Daihan Lidocaine HCl Hydrate Inj. 2% 20ml /10V","20ml /10V","7.5","https://raw.githubusercontent.com/Vidaluxury20/guru-korea-hd-ezformz/main/images/GKR-281.jpg","Retained original","","27","","images/GKR-281.jpg","487","259","","","true"
"GKR-282","Jeil Lidocaine HCl Hydrate Inj. 2% 20ml /10V","20ml /10V","7.5","https://raw.githubusercontent.com/Vidaluxury20/guru-korea-hd-ezformz/main/images/GKR-282.jpg","New source photo (below HD)","Photo missing; Native source is below 1000px on one or both sides.","27","https://skindermalfiller.com/products/jeil-lidocaine-2-injection","images/GKR-282.jpg","810","810","https://skindermalfiller.com/products/jeil-lidocaine-2-injection","https://cdn.shopify.com/s/files/1/0678/2330/4858/files/jeil-lidocaine-2-injection-thumbnail.webp?v=1787123634","true"
"GKR-284","Laennec Injection 10A","2mL*10A","65","https://raw.githubusercontent.com/Vidaluxury20/guru-korea-hd-ezformz/main/images/GKR-284.jpg","Retained original","","27","","images/GKR-284.jpg","420","292","","","true"
"GKR-285","Laennec Injection 50A","2mL*50A","237.6","https://raw.githubusercontent.com/Vidaluxury20/guru-korea-hd-ezformz/main/images/GKR-285.jpg","Retained original","","27","","images/GKR-285.jpg","420","292","","","true"
"GKR-286","Rejuve Injection","2ml*50A","155","https://raw.githubusercontent.com/Vidaluxury20/guru-korea-hd-ezformz/main/images/GKR-286.jpg","Retained original","","27","","images/GKR-286.jpg","537","241","","","true"
"GKR-289","Melamin Injection","2ml*50A","95","https://raw.githubusercontent.com/Vidaluxury20/guru-korea-hd-ezformz/main/images/GKR-289.jpg","New source photo (below HD)","Photo missing; Native source is below 1000px on one or both sides.","28","https://www.lumeemaison.com/product/389","images/GKR-289.jpg","1000","606","https://www.lumeemaison.com/product/389","https://www.lumeemaison.com/images/products/product-389.webp?v=1779186381303","true"
"GKR-291","HiDr Injection","3ml*10V","64","https://raw.githubusercontent.com/Vidaluxury20/guru-korea-hd-ezformz/main/images/GKR-291.jpg","Retained original","","28","","images/GKR-291.jpg","669","466","","","true"
"GKR-293","Gluthion Injection 600mg","10V","33","https://raw.githubusercontent.com/Vidaluxury20/guru-korea-hd-ezformz/main/images/GKR-293.jpg","Retained original","","28","","images/GKR-293.jpg","540","360","","","true"
"GKR-294","Kuhnthione Injection 600mg","10V","32","https://raw.githubusercontent.com/Vidaluxury20/guru-korea-hd-ezformz/main/images/GKR-294.jpg","Retained original","","28","","images/GKR-294.jpg","423","284","","","true"
"GKR-298","Bione Injection","10V","28","https://raw.githubusercontent.com/Vidaluxury20/guru-korea-hd-ezformz/main/images/GKR-298.jpg","Retained original","","28","","images/GKR-298.jpg","432","250","","","true"
"GKR-299","Lipotocin Injection","12mL/10A","24.5","https://raw.githubusercontent.com/Vidaluxury20/guru-korea-hd-ezformz/main/images/GKR-299.jpg","Retained original","","28","","images/GKR-299.jpg","625","378","","","true"
"GKR-300","Chioctocin Injection","5mL/10A","17","https://raw.githubusercontent.com/Vidaluxury20/guru-korea-hd-ezformz/main/images/GKR-300.jpg","Retained original","","28","","images/GKR-300.jpg","1000","486","","","true"
"GKR-302","Dermagen Glutathione Film","194.7mg/30 sheets","12.55","https://raw.githubusercontent.com/Vidaluxury20/guru-korea-hd-ezformz/main/images/GKR-302.jpg","Retained original","","28","","images/GKR-302.jpg","361","259","","","true"
"GKR-303","Glutatine Tablet 100mg","100T","22","https://raw.githubusercontent.com/Vidaluxury20/guru-korea-hd-ezformz/main/images/GKR-303.jpg","Retained original","","29","","images/GKR-303.jpg","368","300","","","true"
"GKR-305","GC Multi 5 Injection","10mL*10V","35","https://raw.githubusercontent.com/Vidaluxury20/guru-korea-hd-ezformz/main/images/GKR-305.jpg","Retained original","","29","","images/GKR-305.jpg","1000","517","","","true"
"GKR-306","Multiponent 5 Injection","10mL*10V","35","https://raw.githubusercontent.com/Vidaluxury20/guru-korea-hd-ezformz/main/images/GKR-306.jpg","Retained original","","29","","images/GKR-306.jpg","223","233","","","true"
"GKR-308","Multinew5 injection","10mL*10V","29.5","https://raw.githubusercontent.com/Vidaluxury20/guru-korea-hd-ezformz/main/images/GKR-308.jpg","Retained original","","29","","images/GKR-308.jpg","458","247","","","true"
"GKR-309","Multipotent 9 inj.","10mL*10V","73.8","https://raw.githubusercontent.com/Vidaluxury20/guru-korea-hd-ezformz/main/images/GKR-309.jpg","Retained original","","29","","images/GKR-309.jpg","346","168","","","true"
"GKR-312","Vita-D Bone Injection","5mg/1mL*10A","35","https://raw.githubusercontent.com/Vidaluxury20/guru-korea-hd-ezformz/main/images/GKR-312.jpg","Retained original","","29","","images/GKR-312.jpg","424","218","","","true"
"GKR-313","VITAMIN C Injection","20mL*10V","21.75","https://raw.githubusercontent.com/Vidaluxury20/guru-korea-hd-ezformz/main/images/GKR-313.jpg","Retained original","","29","","images/GKR-313.jpg","505","257","","","true"
"GKR-314","Ascorbic Injection","20mL*10V","25","https://raw.githubusercontent.com/Vidaluxury20/guru-korea-hd-ezformz/main/images/GKR-314.jpg","Retained original","","29","","images/GKR-314.jpg","471","241","","","true"
"GKR-315","Ascorbic Acid Injection Huons","2mL*50A","22","https://raw.githubusercontent.com/Vidaluxury20/guru-korea-hd-ezformz/main/images/GKR-315.jpg","Retained original","","29","","images/GKR-315.jpg","273","277","","","true"
"GKR-316","Acogen Injection (Vitaminc C)","20mL*10V","21","https://raw.githubusercontent.com/Vidaluxury20/guru-korea-hd-ezformz/main/images/GKR-316.jpg","Retained original","","29","","images/GKR-316.jpg","273","277","","","true"
"GKR-317","Hycobal Injection","2mL*50A","44","https://raw.githubusercontent.com/Vidaluxury20/guru-korea-hd-ezformz/main/images/GKR-317.jpg","Retained original","","30","","images/GKR-317.jpg","489","258","","","true"
"GKR-318","Jeil High B12 Inj.","10ml/10A","18","https://raw.githubusercontent.com/Vidaluxury20/guru-korea-hd-ezformz/main/images/GKR-318.jpg","New source photo (below HD)","Photo missing; Manufacturer photo is 5mg/2ml; source catalog pack text differs. Confirm pack.; Native source is below 1000px on one or both sides.","30","https://www.jeilpharm.co.kr","images/GKR-318.jpg","726","726","https://www.jeilpharm.co.kr","https://www.jeilpharm.co.kr/product/product_img/94_9513212.jpg","true"
"GKR-319","Selenewone Injection","10ml*10v","45","https://raw.githubusercontent.com/Vidaluxury20/guru-korea-hd-ezformz/main/images/GKR-319.jpg","Retained original","","30","","images/GKR-319.jpg","468","256","","","true"
"GKR-320","Zinga Injection","10mL*10V","26.1","https://raw.githubusercontent.com/Vidaluxury20/guru-korea-hd-ezformz/main/images/GKR-320.jpg","Retained original","","30","","images/GKR-320.jpg","703","342","","","true"
"GKR-321","GC Zinc Injection","10ml / 10v","43","https://raw.githubusercontent.com/Vidaluxury20/guru-korea-hd-ezformz/main/images/GKR-321.jpg","Retained original","","30","","images/GKR-321.jpg","567","325","","","true"
"GKR-322","Benfos Tab.","30T","13","https://raw.githubusercontent.com/Vidaluxury20/guru-korea-hd-ezformz/main/images/GKR-322.jpg","Retained original","Repeated name and pack size in source","30","","images/GKR-322.jpg","364","219","","","true"
"GKR-323","Newfopam inj.","2ml*10A","9.65","https://raw.githubusercontent.com/Vidaluxury20/guru-korea-hd-ezformz/main/images/GKR-323.jpg","Retained original","","31","","images/GKR-323.jpg","454","188","","","true"
"GKR-324","Gitaco Injection","5mL*20A","23","https://raw.githubusercontent.com/Vidaluxury20/guru-korea-hd-ezformz/main/images/GKR-324.jpg","Retained original","","31","","images/GKR-324.jpg","344","238","","","true"
"GKR-325","Ginkobal inj. 5ml/20A","5ml/20A","21","https://raw.githubusercontent.com/Vidaluxury20/guru-korea-hd-ezformz/main/images/GKR-325.jpg","Retained original","","31","","images/GKR-325.jpg","343","242","","","true"
"GKR-326","ATP-S Injection","2mL x 50A","60","https://raw.githubusercontent.com/Vidaluxury20/guru-korea-hd-ezformz/main/images/GKR-326.jpg","Retained original","","31","","images/GKR-326.jpg","422","275","","","true"
"GKR-327","Acepain Injection","100mL ea 1box / 20 units","53","https://raw.githubusercontent.com/Vidaluxury20/guru-korea-hd-ezformz/main/images/GKR-327.jpg","Retained original","","31","","images/GKR-327.jpg","304","350","","","true"
"GKR-328","Magnesium Chloride Injection 1mg/10mL 10A","1mg/10mL","28","https://raw.githubusercontent.com/Vidaluxury20/guru-korea-hd-ezformz/main/images/GKR-328.jpg","Retained original","","31","","images/GKR-328.jpg","562","548","","","true"
"GKR-331","Ferinject 2mL/1V","2mL/1V","14","https://raw.githubusercontent.com/Vidaluxury20/guru-korea-hd-ezformz/main/images/GKR-331.jpg","New source photo (below HD)","Photo missing; Native source is below 1000px on one or both sides.","31","https://globalsurgicals.in/products/ferinject-100mg-injection-2ml","images/GKR-331.jpg","600","600","https://globalsurgicals.in/products/ferinject-100mg-injection-2ml","https://cdn.shopify.com/s/files/1/0792/7060/9116/files/YPeVq82OpJ-ferinject_100mg_injection_2ml_0.jpg?v=1762017997","true"
"GKR-332","Doxy Tablet","300T","36.8","https://raw.githubusercontent.com/Vidaluxury20/guru-korea-hd-ezformz/main/images/GKR-332.jpg","Retained original","","31","","images/GKR-332.jpg","440","456","","","true"
"GKR-333","Finasteride tab.","30T","7.6","https://raw.githubusercontent.com/Vidaluxury20/guru-korea-hd-ezformz/main/images/GKR-333.jpg","New source photo (below HD)","Photo missing; Native source is below 1000px on one or both sides.","32","https://www.lumeemaison.com/product/433","images/GKR-333.jpg","1168","880","https://www.lumeemaison.com/product/433","https://axamhqgapwguurisgvvi.supabase.co/storage/v1/object/public/product-images/product-433/1780841467865.webp","true"
"GKR-334","Harnal D Tablet 0.2mg","140T","76","https://raw.githubusercontent.com/Vidaluxury20/guru-korea-hd-ezformz/main/images/GKR-334.jpg","Retained original","","32","","images/GKR-334.jpg","558","177","","","true"
"GKR-335","Synthyroid Tab. 0.075mg","100T","8.95","https://raw.githubusercontent.com/Vidaluxury20/guru-korea-hd-ezformz/main/images/GKR-335.jpg","Retained original","","32","","images/GKR-335.jpg","338","392","","","true"
"GKR-337","Benfos Tab.","30T","13","https://raw.githubusercontent.com/Vidaluxury20/guru-korea-hd-ezformz/main/images/GKR-337.jpg","Retained original","Repeated name and pack size in source","32","","images/GKR-337.jpg","364","219","","","true"
"GKR-338","BENFOTA Tablet","60T","17","https://raw.githubusercontent.com/Vidaluxury20/guru-korea-hd-ezformz/main/images/GKR-338.jpg","Retained original","","32","","images/GKR-338.jpg","338","247","","","true"
"GKR-339","GC Arginine injection","10mL*10V","90","https://raw.githubusercontent.com/Vidaluxury20/guru-korea-hd-ezformz/main/images/GKR-339.jpg","Retained original","","32","","images/GKR-339.jpg","579","296","","","true"
"GKR-340","GC Arginine injection","25mL*10V","167","https://raw.githubusercontent.com/Vidaluxury20/guru-korea-hd-ezformz/main/images/GKR-340.jpg","Retained original","","32","","images/GKR-340.jpg","579","296","","","true"
"GKR-342","CARTINE Injection","5mL*10A","20","https://raw.githubusercontent.com/Vidaluxury20/guru-korea-hd-ezformz/main/images/GKR-342.jpg","Retained original","","32","","images/GKR-342.jpg","500","500","","","true"
"GKR-343","Mesocatin","10ml/ 10A","25","https://raw.githubusercontent.com/Vidaluxury20/guru-korea-hd-ezformz/main/images/GKR-343.jpg","Retained original","","32","","images/GKR-343.jpg","443","325","","","true"
"GKR-345","Triamcinolone Injection 40mg Dongkwang","30V","24","https://raw.githubusercontent.com/Vidaluxury20/guru-korea-hd-ezformz/main/images/GKR-345.jpg","Retained original","","32","","images/GKR-345.jpg","470","367","","","true"
"GKR-346","Calcium Gluconate Inj. Daihan","20ml/ 50A","29","https://raw.githubusercontent.com/Vidaluxury20/guru-korea-hd-ezformz/main/images/GKR-346.jpg","Retained original","","33","","images/GKR-346.jpg","370","257","","","true"
"GKR-347","Tranexamic Acid Inj. 500mg","5mg/ 50 A","29","https://raw.githubusercontent.com/Vidaluxury20/guru-korea-hd-ezformz/main/images/GKR-347.jpg","Retained original","","33","","images/GKR-347.jpg","438","231","","","true"
"GKR-349","Trengamin Injection 500mg","5mg/ 10v","8.9","","Photo pending","Exact 500mg pack photo not found. Catalog pack text also needs confirmation.","33","","","","","","","true"
"GKR-350","Alfocholine inj.","4ml/ 10v","47.3","https://raw.githubusercontent.com/Vidaluxury20/guru-korea-hd-ezformz/main/images/GKR-350.jpg","New source photo (below HD)","Photo missing; Native source is below 1000px on one or both sides.","33","https://beauvous.co.kr/en/portfolio-category/all-products/","images/GKR-350.jpg","559","398","https://beauvous.co.kr/en/portfolio-category/all-products/","https://beauvous.co.kr/wp-content/uploads/2025/04/알포콜린-1.jpg","true"
"GKR-351","Revitalex","3mL/10V","90","https://raw.githubusercontent.com/Vidaluxury20/guru-korea-hd-ezformz/main/images/GKR-351.jpg","Retained original","","33","","images/GKR-351.jpg","687","412","","","true"
"GKR-352","Cenvido Injection","4ml/ 1v","86","https://raw.githubusercontent.com/Vidaluxury20/guru-korea-hd-ezformz/main/images/GKR-352.jpg","Retained original","","33","","images/GKR-352.jpg","325","264","","","true"
"GKR-353","Hishiphagen-C Injection","20mL x 50A","170","https://raw.githubusercontent.com/Vidaluxury20/guru-korea-hd-ezformz/main/images/GKR-353.jpg","Retained original","","33","","images/GKR-353.jpg","800","617","","","true"
"GKR-354","Aragan","25mg/2.5mL","29","https://raw.githubusercontent.com/Vidaluxury20/guru-korea-hd-ezformz/main/images/GKR-354.jpg","Retained original","","33","","images/GKR-354.jpg","351","232","","","true"
"GKR-355","Fursultamine Inj 10A","50mg/10mL/ 10A","25","https://raw.githubusercontent.com/Vidaluxury20/guru-korea-hd-ezformz/main/images/GKR-355.jpg","Retained original","","33","","images/GKR-355.jpg","500","500","","","true"
"GKR-356","Fursultamine Inj 50A","50mg/10mL/ 50A","124","https://raw.githubusercontent.com/Vidaluxury20/guru-korea-hd-ezformz/main/images/GKR-356.jpg","Retained original","","33","","images/GKR-356.jpg","500","500","","","true"
"GKR-357","Thymosin Injection","1mL × 2V","31","https://raw.githubusercontent.com/Vidaluxury20/guru-korea-hd-ezformz/main/images/GKR-357.jpg","Retained original","","33","","images/GKR-357.jpg","475","242","","","true"
"GKR-359","Dexamethasone Sodium Phosphate Injection","1ml/ 50A","14.5","https://raw.githubusercontent.com/Vidaluxury20/guru-korea-hd-ezformz/main/images/GKR-359.jpg","Retained original","","34","","images/GKR-359.jpg","712","347","","","true"
"GKR-360","Rejumate injector","Compo Rejumate main ejumate large-cap charging cable 1 MOQ 3","649.9","https://raw.githubusercontent.com/Vidaluxury20/guru-korea-hd-ezformz/main/images/GKR-360.jpg","Retained original","","34","","images/GKR-360.jpg","452","355","","","true"
"GKR-361","Rejuran Rejumate","0.8mm","137","https://raw.githubusercontent.com/Vidaluxury20/guru-korea-hd-ezformz/main/images/GKR-361.jpg","Retained original","","34","","images/GKR-361.jpg","388","511","","","true"
"GKR-362","Mohealer Shampoo","500ml","13","https://raw.githubusercontent.com/Vidaluxury20/guru-korea-hd-ezformz/main/images/GKR-362.jpg","Retained original","","35","","images/GKR-362.jpg","437","293","","","true"
"GKR-363","Mohealer Tonic","140ml","13.25","https://raw.githubusercontent.com/Vidaluxury20/guru-korea-hd-ezformz/main/images/GKR-363.jpg","New source photo (below HD)","Photo missing; Supplier watermark retained.; Native source is below 1000px on one or both sides.","35","https://premiumdermalmart.com/products/mohealer-tonic","images/GKR-363.jpg","221","457","https://premiumdermalmart.com/products/mohealer-tonic","https://cdn.shopify.com/s/files/1/0763/1601/6989/files/Mohealer_Tonic.png?v=1788886380","true"
"GKR-366","MANY SHOOT +","50ml","23","https://raw.githubusercontent.com/Vidaluxury20/guru-korea-hd-ezformz/main/images/GKR-366.jpg","Retained original","","35","","images/GKR-366.jpg","275","345","","","true"
"GKR-367","Hanheal hair filler","10v / 5ml","135","https://raw.githubusercontent.com/Vidaluxury20/guru-korea-hd-ezformz/main/images/GKR-367.jpg","Retained original","","35","","images/GKR-367.jpg","381","345","","","true"
"GKR-368","CellExosome Black Label Hair","[Exosome] 200mg x 1 vial [Solution] 6mL x 1 vial","45.8","https://raw.githubusercontent.com/Vidaluxury20/guru-korea-hd-ezformz/main/images/GKR-368.jpg","New source photo (below HD)","Photo missing; Repeated name and pack size in source; Supplier watermark retained.; Native source is below 1000px on one or both sides.","35","https://premiumdermalmart.com/products/cellexosome-black-label-hair","images/GKR-368.jpg","310","227","https://premiumdermalmart.com/products/cellexosome-black-label-hair","https://cdn.shopify.com/s/files/1/0763/1601/6989/files/Cellexosome-Black-Label-Hair.png?v=1781228805","true"
"GKR-369","GFC Cell Exo Scalp","5v / 5v (Powder / Solution)","130","https://raw.githubusercontent.com/Vidaluxury20/guru-korea-hd-ezformz/main/images/GKR-369.jpg","Retained original","Repeated name and pack size in source","35","","images/GKR-369.jpg","491","447","","","true"
"GKR-370","Exo Healer P198 Filcore - HB PLUS","2ml x5v","249","https://raw.githubusercontent.com/Vidaluxury20/guru-korea-hd-ezformz/main/images/GKR-370.jpg","Retained original","Repeated name and pack size in source","35","","images/GKR-370.jpg","381","220","","","true"
"GKR-371","Exo Healer P198 Filcore - HB program","2ml + 5ml (5pairs)","299","https://raw.githubusercontent.com/Vidaluxury20/guru-korea-hd-ezformz/main/images/GKR-371.jpg","Retained original","Repeated name and pack size in source","35","","images/GKR-371.jpg","380","182","","","true"
"GKR-379","Dermagen Plus Cellsia Cream 35g","35gr","7.1","https://raw.githubusercontent.com/Vidaluxury20/guru-korea-hd-ezformz/main/images/GKR-379.jpg","Retained original","","36","","images/GKR-379.jpg","441","329","","","true"
"GKR-380","Dermagen Plus Cellsia Cream 60g","60gr","10.1","https://raw.githubusercontent.com/Vidaluxury20/guru-korea-hd-ezformz/main/images/GKR-380.jpg","Retained original","","36","","images/GKR-380.jpg","441","329","","","true"
"GKR-381","Dermagen Plus Cellsia Cream 500g","500gr","29.3","https://raw.githubusercontent.com/Vidaluxury20/guru-korea-hd-ezformz/main/images/GKR-381.jpg","Retained original","","36","","images/GKR-381.jpg","441","329","","","true"
"GKR-382","Dermagen Egensia Cream 7g","7g","4","https://raw.githubusercontent.com/Vidaluxury20/guru-korea-hd-ezformz/main/images/GKR-382.jpg","Retained original","","36","","images/GKR-382.jpg","700","700","","","true"
"GKR-383","Dermagen Egensia Cream 50g","50g","7.8","https://raw.githubusercontent.com/Vidaluxury20/guru-korea-hd-ezformz/main/images/GKR-383.jpg","Retained original","","36","","images/GKR-383.jpg","700","700","","","true"
"GKR-385","Dermagen Urea Cream 180g","180g","9","https://raw.githubusercontent.com/Vidaluxury20/guru-korea-hd-ezformz/main/images/GKR-385.jpg","Retained original","","36","","images/GKR-385.jpg","500","500","","","true"
"GKR-387","Dermagen RM Repair Cream 120g","120gr","7.1","https://raw.githubusercontent.com/Vidaluxury20/guru-korea-hd-ezformz/main/images/GKR-387.jpg","Retained original","","36","","images/GKR-387.jpg","500","500","","","true"
"GKR-392","BCA Bichaeahn Poretoning","80g","10","https://raw.githubusercontent.com/Vidaluxury20/guru-korea-hd-ezformz/main/images/GKR-392.jpg","New source photo (below HD)","Photo missing; Native source is below 1000px on one or both sides.","37","https://www.lumeemaison.com/product/230","images/GKR-392.jpg","528","285","https://www.lumeemaison.com/product/230","https://www.lumeemaison.com/images/products/product-230.webp?v=1779186381303","true"
"GKR-396","Misadi Co2 Therapy Mask","5 syringes 5 sheets 1 cream.","19.65","https://raw.githubusercontent.com/Vidaluxury20/guru-korea-hd-ezformz/main/images/GKR-396.jpg","New source photo (below HD)","Photo missing; Native source is below 1000px on one or both sides.","37","https://www.lumeemaison.com/product/93","images/GKR-396.jpg","879","820","https://www.lumeemaison.com/product/93","https://www.lumeemaison.com/images/products/product-58.webp?v=1779186381303","true"
"GKR-397","Elaxen PLLA Mask kit","PLLA Ampoule Essence: 3v/ 15ml. PLLA Mist Spray: 1v/ 50ml Sheet Masks: 10pcs Applicator Brush: 1 unit","57","https://raw.githubusercontent.com/Vidaluxury20/guru-korea-hd-ezformz/main/images/GKR-397.jpg","Retained original","","37","","images/GKR-397.jpg","274","248","","","true"
"GKR-401","Dermagen Rapporapy Cicarown Cream","50g","7.65","https://raw.githubusercontent.com/Vidaluxury20/guru-korea-hd-ezformz/main/images/GKR-401.jpg","Retained original","","38","","images/GKR-401.jpg","354","495","","","true"
"GKR-405","Acnon cream 13g","13g","10.2","https://raw.githubusercontent.com/Vidaluxury20/guru-korea-hd-ezformz/main/images/GKR-405.jpg","Retained original","","38","","images/GKR-405.jpg","538","178","","","true"
"GKR-406","Two&T Cream 20g","20g","23.9","https://raw.githubusercontent.com/Vidaluxury20/guru-korea-hd-ezformz/main/images/GKR-406.jpg","Retained original","","38","","images/GKR-406.jpg","659","190","","","true"
"GKR-407","Melanone Cream 10g","10g","13.85","https://raw.githubusercontent.com/Vidaluxury20/guru-korea-hd-ezformz/main/images/GKR-407.jpg","New source photo (below HD)","Photo missing; Exact 10g pack image extracted from manufacturer brochure.; Native source is below 1000px on one or both sides.","38","https://medi-box.co.kr/ebooth/ufile/f6_20210416152251.pdf","images/GKR-407.jpg","278","731","https://medi-box.co.kr/ebooth/ufile/f6_20210416152251.pdf","https://medi-box.co.kr/ebooth/ufile/f6_20210416152251.pdf#page=1","true"
"GKR-408","Dermagen EZCERA CREAM","200mg","10","https://raw.githubusercontent.com/Vidaluxury20/guru-korea-hd-ezformz/main/images/GKR-408.jpg","Retained original","","38","","images/GKR-408.jpg","284","275","","","true"
"GKR-409","Dermagen Dr Picos Egencia cream 60g","60g","9.85","https://raw.githubusercontent.com/Vidaluxury20/guru-korea-hd-ezformz/main/images/GKR-409.jpg","New source photo (below HD)","Photo missing; Native source is below 1000px on one or both sides.","39","https://www.lumeemaison.com/product/216","images/GKR-409.jpg","535","1024","https://www.lumeemaison.com/product/216","https://www.lumeemaison.com/images/products/product-216.webp?v=1779186381303","true"
"GKR-410","Dermagen Dr.Picos RMV Repair cream 200g","200g","9.95","https://raw.githubusercontent.com/Vidaluxury20/guru-korea-hd-ezformz/main/images/GKR-410.jpg","Retained original","","39","","images/GKR-410.jpg","200","476","","","true"
"GKR-411","Dermagen Dr.Picos Ureanol Cream 200g","200g","9.5","https://raw.githubusercontent.com/Vidaluxury20/guru-korea-hd-ezformz/main/images/GKR-411.jpg","Retained original","","39","","images/GKR-411.jpg","193","480","","","true"
"GKR-424","Dermaline Bio Activing PDRN Eye Patch","1.4g*60e","25","https://raw.githubusercontent.com/Vidaluxury20/guru-korea-hd-ezformz/main/images/GKR-424.jpg","New source photo (below HD)","Photo missing; Supplier watermark retained.; Native source is below 1000px on one or both sides.","40","https://premiumdermalmart.com/products/bio-activing-pdrn-eye-patch-60ea","images/GKR-424.jpg","999","999","https://premiumdermalmart.com/products/bio-activing-pdrn-eye-patch-60ea","https://cdn.shopify.com/s/files/1/0763/1601/6989/files/Bio-Activing-PDRN-Eye-Patch-60ea.png?v=1781229182","true"
"GKR-440","Dermaline Normalizing Relief Gel","60ml","14.2","https://raw.githubusercontent.com/Vidaluxury20/guru-korea-hd-ezformz/main/images/GKR-440.jpg","New source photo (below HD)","Photo missing; Supplier watermark retained.; Native source is below 1000px on one or both sides.","42","https://premiumdermalmart.com/products/normalizing-relieve-gel","images/GKR-440.jpg","487","887","https://premiumdermalmart.com/products/normalizing-relieve-gel","https://cdn.shopify.com/s/files/1/0763/1601/6989/files/Screenshot2025-07-03at20.13.17.jpg?v=1781230251","true"
"GKR-441","Dermaline Normalizing Relief Lotion","60ml","14.2","https://raw.githubusercontent.com/Vidaluxury20/guru-korea-hd-ezformz/main/images/GKR-441.jpg","New source photo (below HD)","Photo missing; Supplier watermark retained.; Native source is below 1000px on one or both sides.","42","https://premiumdermalmart.com/products/normalizing-relieve-lotion","images/GKR-441.jpg","631","842","https://premiumdermalmart.com/products/normalizing-relieve-lotion","https://cdn.shopify.com/s/files/1/0763/1601/6989/files/Normalizing_Relieve_Lotion.png?v=1781230251","true"
"GKR-444","Dermline Bio Moisture Rose Ampoule","75ml","18.85","https://raw.githubusercontent.com/Vidaluxury20/guru-korea-hd-ezformz/main/images/GKR-444.jpg","New source photo (below HD)","Photo missing; Supplier watermark retained.; Native source is below 1000px on one or both sides.","43","https://premiumdermalmart.com/products/bio-moisture-rose-ampoule-75ml","images/GKR-444.jpg","999","999","https://premiumdermalmart.com/products/bio-moisture-rose-ampoule-75ml","https://cdn.shopify.com/s/files/1/0763/1601/6989/files/Bio-Moisture-Rose-Ampoule-75ml.png?v=1781229178","true"
"GKR-450","Dermaline Hydro Soothing and Fresh Acne Mask","32g*10ea","24.3","https://raw.githubusercontent.com/Vidaluxury20/guru-korea-hd-ezformz/main/images/GKR-450.jpg","Retained original","","43","","images/GKR-450.jpg","362","416","","","true"
